,name,year_x,metascore,userscore,openscore,action,fighting,first-person,flight,party,puzzle,racing,real-time,role-playing,simulation,sports,strategy,third-person,turn-based,wargame,wrestling
2359,Resident Evil 2,2019,91.0,8.733333333333334,92,0,0,0,0,0,0,0,0,0,0,0,0,0,0,0,0
2360,Final Fantasy XIV: Shadowbringers,2019,91.0,8.600000000000001,92,0,0,0,0,0,0,0,0,1,0,0,0,0,0,0,0
2361,Disco Elysium,2019,90.0,8.4,92,0,0,0,0,0,0,0,0,1,0,0,0,0,0,0,0
2362,Sekiro: Shadows Die Twice,2019,89.66666666666669,7.966666666666666,90,0,0,0,0,0,0,0,0,0,0,0,0,0,0,0,0
2363,Asgard's Wrath,2019,89.0,8.6,89,0,0,0,0,0,0,0,0,0,0,0,0,0,0,0,0
2364,Fire Emblem: Three Houses,2019,89.0,8.7,89,0,0,0,0,0,0,0,0,0,0,0,1,0,1,0,0
2365,Devil May Cry 5,2019,88.0,8.133333333333333,88,0,0,0,0,0,0,0,0,0,0,0,0,0,0,0,0
2366,Super Mario Maker 2,2019,88.0,8.5,88,1,0,0,0,0,0,0,0,0,0,0,0,0,0,0,0
2367,Astral Chain,2019,87.0,8.9,87,0,0,0,0,0,0,0,0,0,0,0,0,0,0,0,0
2368,The Legend of Zelda: Link's Awakening,2019,87.0,8.6,87,0,0,0,0,0,0,0,0,0,0,0,0,0,0,0,0
2369,Manifold Garden,2019,85.0,8.0,87,0,0,0,0,0,0,0,0,0,0,0,0,0,0,0,0
2370,Apex Legends,2019,88.33333333333331,6.400000000000001,86,1,0,1,0,0,0,0,0,0,0,0,0,0,0,0,0
2371,Ni no Kuni: Wrath of the White Witch Remastered,2019,86.0,7.8,86,0,0,0,0,0,0,0,0,1,0,0,0,0,0,0,0
2372,Outer Wilds,2019,83.66666666666667,6.866666666666667,86,0,0,0,0,0,0,0,0,0,0,0,0,0,0,0,0
2373,Luigi's Mansion 3,2019,85.0,8.6,86,0,0,0,0,0,0,0,0,0,0,0,0,0,0,0,0
2374,F1 2019,2019,86.66666666666669,7.133333333333333,86,0,0,0,0,0,0,1,0,0,1,0,0,0,0,0,0
2375,Sunless Skies,2019,86.0,7.0,85,0,0,0,0,0,0,0,0,0,0,0,0,0,0,0,0
2376,Assault Android Cactus+,2019,86.0,8.7,85,1,0,0,0,0,0,0,0,0,0,0,0,0,0,0,0
2377,One Finger Death Punch 2,2019,82.0,7.9,85,1,0,0,0,0,0,0,0,0,0,0,0,0,0,0,0
2378,The Walking Dead: The Telltale Definitive Series,2019,83.5,6.3,85,0,0,0,0,0,0,0,0,0,0,0,0,0,0,0,0
2379,The Legend of Heroes: Trails of Cold Steel III,2019,83.0,8.7,85,0,0,0,0,0,0,0,0,1,0,0,0,0,0,0,0
2380,The Outer Worlds,2019,84.33333333333333,8.1,85,0,0,0,0,0,0,0,0,1,0,0,0,0,0,0,0
2381,Death Stranding,2019,83.0,7.0,85,1,0,0,0,0,0,0,0,0,0,0,0,0,0,0,0
2382,Dragon Quest Builders 2,2019,85.5,7.9,85,0,0,0,0,0,0,0,0,1,0,0,0,0,0,0,0
2383,Kingdom Hearts III,2019,81.5,8.2,85,0,0,0,0,0,0,0,0,1,0,0,0,0,0,0,0
2384,Sayonara Wild Hearts,2019,83.5,6.800000000000002,85,1,0,0,0,0,0,0,0,0,0,0,0,0,0,0,0
2385,Gears 5,2019,82.5,7.65,84,1,0,0,0,0,0,0,0,0,0,0,0,1,0,0,0
2386,Nowhere Prophet,2019,73.0,6.4,84,0,0,0,0,0,0,0,0,0,0,0,1,0,1,0,0
2387,Fell Seal: Arbiter's Mark,2019,84.0,6.75,84,0,0,0,0,0,0,0,0,0,0,0,1,0,1,0,0
2388,Baba Is You,2019,85.5,8.1,84,1,0,0,0,0,0,0,0,0,0,0,0,0,0,0,0
2389,Control,2019,83.66666666666667,7.166666666666668,84,0,0,0,0,0,0,0,0,0,0,0,0,0,0,0,0
2390,Crash Team Racing: Nitro-Fueled,2019,82.33333333333333,5.933333333333334,83,0,0,0,0,0,0,1,0,0,0,0,0,0,0,0,0
2391,Collection of Mana,2019,83.0,8.4,83,0,0,0,0,0,0,0,0,0,0,0,0,0,0,0,0
2392,Tales of Vesperia: Definitive Edition,2019,81.33333333333333,7.533333333333334,83,0,0,0,0,0,0,0,0,1,0,0,0,0,0,0,0
2393,Bloodstained: Ritual of the Night,2019,81.0,7.524999999999999,83,1,0,0,0,0,0,0,0,1,0,0,0,0,0,0,0
2394,Wargroove,2019,82.75,6.175,83,0,0,0,0,0,0,0,0,0,0,0,1,0,1,0,0
2395,Tom Clancy's The Division 2,2019,82.66666666666667,6.766666666666667,83,1,0,1,0,0,0,0,0,0,0,0,0,1,0,0,0
2396,WHAT THE GOLF?,2019,84.0,6.758823529411764,83,0,0,0,0,0,0,0,0,0,0,1,0,0,0,0,0
2397,Mario & Luigi: Bowser's Inside Story + Bowser Jr.'s Journey,2019,84.0,7.6,83,0,0,0,0,0,0,0,0,1,0,0,0,0,0,0,0
2398,Devotion,2019,85.0,7.2,83,0,0,0,0,0,0,0,0,0,0,0,0,0,0,0,0
2399,Horace,2019,81.0,8.4,83,0,0,0,0,0,0,0,0,0,0,0,0,0,0,0,0
2400,Magic: The Gathering Arena,2019,83.0,3.7,83,0,0,0,0,0,0,0,0,0,0,0,1,0,1,0,0
2401,Metro Exodus,2019,81.33333333333333,6.7666666666666675,83,1,0,1,0,0,0,0,0,0,0,0,0,0,0,0,0
2402,Tetris 99,2019,83.0,8.3,83,0,0,0,0,0,0,0,0,0,0,0,0,0,0,0,0
2403,Mortal Kombat 11,2019,82.25,3.025,83,1,0,0,0,0,0,0,0,0,0,0,0,0,0,0,0
2404,Atelier Ryza: Ever Darkness & the Secret Hideout,2019,80.5,8.15,83,0,0,0,0,0,0,0,0,1,0,0,0,0,0,0,0
2405,Hypnospace Outlaw,2019,82.0,6.6,82,0,0,0,0,0,0,0,0,0,0,0,0,0,0,0,0
2406,Children of Morta,2019,80.0,8.05,82,0,0,0,0,0,0,0,0,0,0,0,0,0,0,0,0
2407,Etrian Odyssey Nexus,2019,81.0,7.0,82,0,0,0,0,0,0,0,0,1,0,0,0,0,0,0,0
2408,Sid Meier's Civilization VI: Gathering Storm,2019,81.0,6.6,82,0,0,0,0,0,0,0,0,0,0,0,1,0,1,0,0
2409,Eastshade,2019,78.0,8.2,82,0,0,1,0,0,0,0,0,0,0,0,0,0,0,0,0
2410,Ring Fit Adventure,2019,82.0,8.7,82,0,0,0,0,0,0,0,0,0,0,0,0,0,0,0,0
2411,Valfaris,2019,82.5,8.1,82,1,0,0,0,0,0,0,0,0,0,0,0,0,0,0,0
2412,Yooka-Laylee and the Impossible Lair,2019,80.5,6.975,82,1,0,0,0,0,0,0,0,0,0,0,0,0,0,0,0
2413,Yuppie Psycho,2019,81.0,8.4,82,0,0,0,0,0,0,0,0,0,0,0,0,0,0,0,0
2414,AI: The Somnium Files,2019,83.5,7.6,82,0,0,0,0,0,0,0,0,0,0,0,0,0,0,0,0
2415,Stygian: Reign of the Old Ones,2019,82.0,7.9,82,0,0,0,0,0,0,0,0,0,0,0,0,0,0,0,0
2416,Ghost Giant,2019,80.0,7.1,82,0,0,0,0,0,0,0,0,0,0,0,0,0,0,0,0
2417,Judgment,2019,80.0,8.3,82,0,0,0,0,0,0,0,0,0,0,0,0,0,0,0,0
2418,SteamWorld Quest: Hand of Gilgamech,2019,80.0,7.7,82,0,0,0,0,0,0,0,0,0,0,0,0,0,0,0,0
2419,Killer Queen Black,2019,83.0,8.5,81,0,0,0,0,0,0,0,0,0,0,0,0,0,0,0,0
2420,A Plague Tale: Innocence,2019,81.66666666666667,8.6,81,0,0,0,0,0,0,0,0,0,0,0,0,0,0,0,0
2421,Songbird Symphony,2019,81.0,7.7,81,1,0,0,0,0,0,0,0,0,0,0,0,0,0,0,0
2422,Anno 1800,2019,81.0,8.0,81,0,0,0,0,0,0,0,0,0,0,0,1,0,0,0,0
2423,eFootball PES 2020,2019,82.0,8.35,81,0,0,0,0,0,0,0,0,0,0,1,0,0,0,0,0
2424,Planet Zoo,2019,81.0,8.3,81,0,0,0,0,0,0,0,0,0,0,0,1,0,0,0,0
2425,Blazing Beaks,2019,79.0,6.6,81,1,0,0,0,0,0,0,0,0,0,0,0,0,0,0,0
2426,Age of Wonders: Planetfall,2019,81.0,7.3,81,0,0,0,0,0,0,0,0,0,0,0,1,0,1,0,0
2427,Final Fantasy VIII Remastered,2019,80.0,7.0,81,0,0,0,0,0,0,0,0,1,0,0,0,0,0,0,0
2428,Persona Q2: New Cinema Labyrinth,2019,81.0,8.2,81,0,0,0,0,0,0,0,0,1,0,0,0,0,0,0,0
2429,Void Bastards,2019,78.0,8.100000000000001,81,1,0,1,0,0,0,0,0,0,0,0,0,0,0,0,0
2430,Call of Duty: Modern Warfare,2019,81.33333333333333,3.1,81,1,0,1,0,0,0,0,0,0,0,0,0,0,0,0,0
2431,Ace Combat 7: Skies Unknown,2019,79.33333333333333,7.733333333333333,81,0,0,0,1,0,0,0,0,0,1,0,0,0,0,0,0
2432,Ion Fury,2019,79.0,5.9,81,1,0,0,0,0,0,0,0,0,0,0,0,0,0,0,0
2433,World of Warcraft Classic,2019,81.0,6.3,81,0,0,0,0,0,0,0,0,1,0,0,0,0,0,0,0
2434,Blood & Truth,2019,80.0,8.0,81,1,0,0,0,0,0,0,0,0,0,0,0,0,0,0,0
2435,World End Syndrome,2019,78.0,7.6,81,0,0,0,0,0,0,0,0,0,0,0,0,0,0,0,0
2436,Yu-Gi-Oh! Legacy of the Duelist: Link Evolution,2019,79.0,8.4,81,0,0,0,0,0,0,0,0,0,0,0,1,0,1,0,0
2437,Catherine: Full Body,2019,81.0,7.6,80,0,0,0,0,0,0,0,0,0,0,0,0,0,0,0,0
2438,Vacation Simulator,2019,77.0,7.4,80,1,0,0,0,0,0,0,0,0,1,0,0,0,0,0,0
2439,Untitled Goose Game,2019,80.0,6.7,80,0,0,0,0,0,0,0,0,0,1,0,0,0,0,0,0
2440,Atelier Lulua: The Scion of Arland,2019,78.0,7.300000000000002,80,0,0,0,0,0,0,0,0,1,0,0,0,0,0,0,0
2441,Dicey Dungeons,2019,80.0,7.5,80,0,0,0,0,0,0,0,0,0,0,0,1,0,0,0,0
2442,My Friend Pedro,2019,79.5,8.0,80,1,0,0,0,0,0,0,0,0,0,0,0,0,0,0,0
2443,Yoshi's Crafted World,2019,79.0,8.0,80,1,0,0,0,0,0,0,0,0,0,0,0,0,0,0,0
2444,Druidstone: The Secret of the Menhir Forest,2019,79.0,7.4,80,0,0,0,0,0,0,0,0,1,0,0,0,0,0,0,0
2445,Vectronom,2019,82.0,8.3,80,0,0,0,0,0,0,0,0,0,0,0,0,0,0,0,0
2446,Samurai Shodown,2019,79.5,7.85,80,1,0,0,0,0,0,0,0,0,0,0,0,0,0,0,0
2447,BoxBoy! + BoxGirl!,2019,80.0,8.2,80,1,0,0,0,0,0,0,0,0,0,0,0,0,0,0,0
2448,Borderlands 3,2019,80.33333333333333,5.333333333333333,80,1,0,1,0,0,0,0,0,0,0,0,0,0,0,0,0
2449,Trine 4: The Nightmare Prince,2019,80.5,7.975,80,1,0,0,0,0,0,0,0,0,0,0,0,0,0,0,0
2450,Five Nights at Freddy's VR: Help Wanted,2019,80.0,7.9,80,0,0,0,0,0,0,0,0,0,0,0,0,0,0,0,0
2451,Stellaris: Console Edition,2019,79.0,7.3,80,0,0,0,0,0,0,0,1,0,0,0,1,0,0,0,0
2452,God's Trigger,2019,75.0,8.266666666666667,80,1,0,0,0,0,0,0,0,0,0,0,0,0,0,0,0
2453,Trials Rising,2019,81.25,6.074999999999998,80,0,0,0,0,0,0,1,0,0,0,0,0,0,0,0,0
2454,OlliOlli: Switch Stance,2019,83.0,8.2,80,0,0,0,0,0,0,0,0,0,0,0,0,0,0,0,0
2455,Octahedron: Transfixed Edition,2019,79.0,8.0,80,1,0,0,0,0,0,0,0,0,0,0,0,0,0,0,0
2456,Operencia: The Stolen Sun,2019,82.0,7.2,80,0,0,0,0,0,0,0,0,1,0,0,0,0,0,0,0
2457,New Super Mario Bros. U Deluxe,2019,80.0,7.1,80,1,0,0,0,0,0,0,0,0,0,0,0,0,0,0,0
2458,Blazing Chrome,2019,79.0,7.65,80,1,0,0,0,0,0,0,0,0,0,0,0,0,0,0,0
2459,Green Hell,2019,77.0,7.5,80,1,0,1,0,0,0,0,0,0,0,0,0,0,0,0,0
2460,Indivisible,2019,80.33333333333333,6.133333333333333,79,0,0,0,0,0,0,0,0,1,0,0,0,0,0,0,0
2461,Knights and Bikes,2019,79.0,7.9,79,0,0,0,0,0,0,0,0,0,0,0,0,0,0,0,0
2462,Irony Curtain: From Matryoshka with Love,2019,76.0,7.283333333333332,79,0,0,0,0,0,0,0,0,0,0,0,0,0,0,0,0
2463,Tropico 6,2019,77.0,6.85,79,0,0,0,0,0,0,0,0,0,0,0,1,0,0,0,0
2464,Heave Ho,2019,80.0,7.7,79,0,0,0,0,0,0,0,0,0,0,0,0,0,0,0,0
2465,Telling Lies,2019,84.0,6.6,79,0,0,0,0,0,0,0,0,0,0,0,0,0,0,0,0
2466,Blasphemous,2019,78.5,7.925,79,0,0,0,0,0,0,0,0,0,0,0,0,0,0,0,0
2467,Dauntless,2019,79.5,4.45,79,0,0,0,0,0,0,0,0,1,0,0,0,0,0,0,0
2468,NHL 20,2019,81.5,4.199999999999998,79,0,0,0,0,0,0,0,0,0,0,1,0,0,0,0,0
2469,Castlevania Anniversary Collection,2019,78.33333333333333,6.666666666666668,79,0,0,0,0,0,0,0,0,0,0,0,0,0,0,0,0
2470,Puzzle Quest: The Legend Returns,2019,77.0,7.8,79,0,0,0,0,0,0,0,0,0,0,0,0,0,0,0,0
2471,Remnant: From the Ashes,2019,79.0,7.2,79,1,0,0,0,0,0,0,0,0,0,0,0,1,0,0,0
2472,Kirby's Extra Epic Yarn,2019,79.0,6.6,78,1,0,0,0,0,0,0,0,0,0,0,0,0,0,0,0
2473,River City Girls,2019,78.0,6.6,78,1,0,0,0,0,0,0,0,0,0,0,0,0,0,0,0
2474,Catherine Classic,2019,80.0,7.9,78,0,0,0,0,0,0,0,0,0,0,0,0,0,0,0,0
2475,Unruly Heroes,2019,76.75,7.1,78,1,0,0,0,0,0,0,0,0,0,0,0,0,0,0,0
2476,Imperator: Rome,2019,76.0,4.6,78,0,0,0,0,0,0,0,1,0,0,0,1,0,0,0,0
2477,Hunt: Showdown,2019,81.0,7.5,78,1,0,1,0,0,0,0,0,0,0,0,0,1,0,0,0
2478,Mutazione,2019,76.0,6.8,78,0,0,0,0,0,0,0,0,0,0,0,0,0,0,0,0
2479,FIFA 20,2019,79.0,1.0,78,0,0,0,0,0,0,0,0,0,0,1,0,0,0,0,0
2480,MotoGP 19,2019,75.5,7.949999999999998,78,0,0,0,0,0,0,1,0,0,1,0,0,0,0,0,0
2481,The Elder Scrolls Online: Elsweyr,2019,80.0,8.1,78,0,0,0,0,0,0,0,0,1,0,0,0,0,0,0,0
2482,The Ninja Saviors: Return of the Warriors,2019,77.0,6.4,78,1,0,0,0,0,0,0,0,0,0,0,0,0,0,0,0
2483,Creature in the Well,2019,77.0,6.2,78,0,0,0,0,0,0,0,0,0,0,0,0,0,0,0,0
2484,New Super Lucky's Tale,2019,76.0,7.9,77,1,0,0,0,0,0,0,0,0,0,0,0,0,0,0,0
2485,Concrete Genie,2019,75.0,8.4,77,0,0,0,0,0,0,0,0,0,0,0,0,1,0,0,0
2486,Forager,2019,78.0,8.25,77,0,0,0,0,0,0,0,0,0,0,0,0,0,0,0,0
2487,Puyo Puyo Champions,2019,74.0,7.1,77,0,0,0,0,0,0,0,0,0,0,0,0,0,0,0,0
2488,Digimon Story Cyber Sleuth: Complete Edition,2019,79.0,7.9,77,0,0,0,0,0,0,0,0,0,0,0,0,0,0,0,0
2489,Crystal Crisis,2019,79.0,8.2,77,0,0,0,0,0,0,0,0,0,0,0,0,0,0,0,0
2490,The Alliance Alive HD Remastered,2019,75.0,7.6,77,0,0,0,0,0,0,0,0,1,0,0,0,0,0,0,0
2491,When Ski Lifts Go Wrong,2019,72.0,6.2849999999999975,77,0,0,0,0,0,0,0,0,0,0,1,0,0,0,0,0
2492,Madden NFL 20,2019,77.5,1.85,77,1,0,0,0,0,0,0,0,0,0,1,0,0,0,0,0
2493,Doraemon: Story of Seasons,2019,74.0,7.5,77,0,0,0,0,0,0,0,0,0,0,0,0,0,0,0,0
2494,Fate/Extella Link,2019,74.5,7.1,77,1,0,0,0,0,0,0,0,0,0,0,0,0,0,0,0
2495,The Surge 2,2019,76.66666666666667,6.599999999999999,76,0,0,0,0,0,0,0,0,1,0,0,0,0,0,0,0
2496,Pikuniku,2019,75.0,6.95,76,1,0,0,0,0,0,0,0,0,0,0,0,0,0,0,0
2497,Afterparty,2019,74.0,6.133333333333333,76,0,0,0,0,0,0,0,0,0,0,0,0,0,0,0,0
2498,Battlefleet Gothic: Armada 2,2019,77.0,7.5,76,0,0,0,0,0,0,0,1,0,0,0,1,0,0,0,0
2499,Muse Dash,2019,73.0,7.7,76,1,0,0,0,0,0,0,0,0,0,0,0,0,0,0,0
2500,Never Give Up,2019,78.0,7.9,76,1,0,0,0,0,0,0,0,0,0,0,0,0,0,0,0
2501,Field of Glory: Empires,2019,75.0,7.7,76,0,0,0,0,0,0,0,0,0,0,0,1,0,1,0,0
2502,Trover Saves the Universe,2019,76.0,7.9,76,1,0,0,0,0,0,0,0,0,0,0,0,0,0,0,0
2503,Mechstermination Force,2019,78.0,7.7,76,1,0,0,0,0,0,0,0,0,0,0,0,0,0,0,0
2504,Attack on Titan 2: Final Battle,2019,74.5,5.7078125,76,1,0,0,0,0,0,0,0,0,0,0,0,0,0,0,0
2505,Observation,2019,77.0,6.95,76,0,0,0,0,0,0,0,0,0,0,0,0,0,0,0,0
2506,Contra Anniversary Collection,2019,77.5,6.25,76,0,0,0,0,0,0,0,0,0,0,0,0,0,0,0,0
2507,NBA 2K20,2019,77.0,0.9666666666666668,76,0,0,0,0,0,0,0,0,0,0,1,0,0,0,0,0
2508,Song of Horror,2019,73.0,8.3,76,0,0,0,0,0,0,0,0,0,0,0,0,0,0,0,0
2509,Destiny 2: Shadowkeep,2019,75.66666666666667,6.633333333333333,76,1,0,1,0,0,0,0,0,0,0,0,0,0,0,0,0
2510,We. The Revolution,2019,77.5,7.65,76,0,0,0,0,0,0,0,0,0,0,0,0,0,0,0,0
2511,Hob: The Definitive Edition,2019,76.0,7.7,76,1,0,0,0,0,0,0,0,0,0,0,0,0,0,0,0
2512,Rebel Galaxy Outlaw,2019,77.0,5.8,76,0,0,0,0,0,0,0,0,0,0,0,0,0,0,0,0
2513,Neo Cab,2019,75.5,6.25,75,0,0,0,0,0,0,0,0,0,0,0,0,0,0,0,0
2514,They Are Billions,2019,74.0,5.7137254901960794,75,0,0,0,0,0,0,0,1,0,0,0,1,0,0,0,0
2515,The Eternal Castle Remastered,2019,73.0,6.9,75,0,0,0,0,0,0,0,0,0,0,0,0,0,0,0,0
2516,Dragon Star Varnir,2019,75.0,6.8,75,0,0,0,0,0,0,0,0,0,0,0,0,0,0,0,0
2517,Fantasy Strike,2019,75.0,7.8,75,1,0,0,0,0,0,0,0,0,0,0,0,0,0,0,0
2518,Angry Birds VR: Isle of Pigs,2019,78.0,5.2,75,1,0,0,0,0,0,0,0,0,0,0,0,0,0,0,0
2519,"Bury me, my Love",2019,75.0,5.3,75,0,0,0,0,0,0,0,0,0,0,0,0,0,0,0,0
2520,Everybody's Golf VR,2019,74.0,7.9,75,0,0,0,0,0,0,0,0,0,0,1,0,0,0,0,0
2521,Code Vein,2019,72.33333333333333,7.866666666666667,75,0,0,0,0,0,0,0,0,1,0,0,0,0,0,0,0
2522,Dead or Alive 6,2019,73.66666666666667,5.333333333333333,74,1,0,0,0,0,0,0,0,0,0,0,0,0,0,0,0
2523,Gato Roboto,2019,75.5,7.65,74,1,0,0,0,0,0,0,0,0,0,0,0,0,0,0,0
2524,John Wick Hex,2019,74.0,3.5,74,0,0,0,0,0,0,0,0,0,0,0,1,0,1,0,0
2525,GreedFall,2019,74.66666666666667,8.0,74,0,0,0,0,0,0,0,0,1,0,0,0,0,0,0,0
2526,Zanki Zero: Last Beginning,2019,72.0,5.9,74,0,0,0,0,0,0,0,0,1,0,0,0,0,0,0,0
2527,Rad,2019,72.25,6.425000000000002,74,0,0,0,0,0,0,0,0,0,0,0,0,0,0,0,0
2528,Heaven's Vault,2019,73.0,4.95,74,0,0,0,0,0,0,0,0,0,0,0,0,0,0,0,0
2529,Assetto Corsa Competizione,2019,77.0,6.7,74,0,0,0,0,0,0,1,0,0,1,0,0,0,0,0,0
2530,Team Sonic Racing,2019,72.0,7.8,74,0,0,0,0,0,0,1,0,0,0,0,0,0,0,0,0
2531,Deliver Us The Moon,2019,74.0,8.5,74,0,0,0,0,0,0,0,0,0,0,0,0,0,0,0,0
2532,Aftercharge,2019,69.0,6.3,74,1,0,1,0,0,0,0,0,0,0,0,0,0,0,0,0
2533,Tannenberg,2019,69.0,8.7,73,1,0,1,0,0,0,0,1,0,0,0,1,0,0,0,0
2534,Marvel Ultimate Alliance 3: The Black Order,2019,73.0,7.2,73,0,0,0,0,0,0,0,0,1,0,0,0,0,0,0,0
2535,Need for Speed Heat,2019,75.0,6.95,73,0,0,0,0,0,0,1,0,0,0,0,0,0,0,0,0
2536,Cricket 19,2019,73.0,8.4,73,0,0,0,0,0,0,0,0,0,0,1,0,0,0,0,0
2537,The Liar Princess and the Blind Prince,2019,70.5,7.0,73,1,0,0,0,0,0,0,0,0,0,0,0,0,0,0,0
2538,God Eater 3,2019,72.0,7.199999999999998,73,0,0,0,0,0,0,0,0,1,0,0,0,0,0,0,0
2539,Super Cane Magic ZERO,2019,68.5,6.15,72,0,0,0,0,0,0,0,0,1,0,0,0,0,0,0,0
2540,Moons of Madness,2019,71.0,6.9,72,0,0,0,0,0,0,0,0,0,0,0,0,0,0,0,0
2541,Exception,2019,71.0,6.566666666666667,72,1,0,0,0,0,0,0,0,0,0,0,0,0,0,0,0
2542,198X,2019,68.0,5.35,72,1,0,0,0,0,0,0,0,0,0,0,0,0,0,0,0
2543,Feudal Alloy,2019,76.0,7.6,72,1,0,0,0,0,0,0,0,0,0,0,0,0,0,0,0
2544,A Fisherman's Tale,2019,74.0,5.45,72,0,0,0,0,0,0,0,0,0,0,0,0,0,0,0,0
2545,Overland,2019,69.0,7.1,72,0,0,0,0,0,0,0,0,0,0,0,1,0,1,0,0
2546,Saints Row: The Third - The Full Package,2019,70.0,5.8,72,0,0,0,0,0,0,0,0,0,0,0,0,0,0,0,0
2547,The Sojourn,2019,74.0,6.933333333333334,72,0,0,1,0,0,0,0,0,0,0,0,0,0,0,0,0
2548,Days Gone,2019,71.0,8.0,71,0,0,0,0,0,0,0,0,0,0,0,0,0,0,0,0
2549,Dark Devotion,2019,72.0,7.3,71,0,0,0,0,0,0,0,0,0,0,0,0,0,0,0,0
2550,Draugen,2019,73.0,7.1,71,0,0,0,0,0,0,0,0,0,0,0,0,0,0,0,0
2551,Minoria,2019,73.0,7.5,71,0,0,0,0,0,0,0,0,0,0,0,0,0,0,0,0
2552,Erica,2019,69.0,7.0,71,0,0,0,0,0,0,0,0,0,0,0,0,1,0,0,0
2553,Tiny Metal: Full Metal Rumble,2019,77.0,8.0,71,0,0,0,0,0,0,0,0,0,0,0,1,0,1,0,0
2554,Etherborn,2019,69.33333333333333,7.400000000000001,71,0,0,1,0,0,0,0,0,0,0,0,0,0,0,0,0
2555,Sea of Solitude,2019,68.33333333333333,6.7666666666666675,70,0,0,0,0,0,0,0,0,0,0,0,0,1,0,0,0
2556,Falcon Age,2019,70.0,6.3,70,0,0,0,0,0,0,0,0,0,0,0,0,0,0,0,0
2557,Oninaki,2019,68.5,6.2,70,0,0,0,0,0,0,0,0,1,0,0,0,0,0,0,0
2558,Daemon X Machina,2019,68.0,7.1,70,0,0,0,0,0,0,0,0,0,1,0,0,0,0,0,0
2559,Melbits World,2019,71.0,6.8,70,1,0,0,0,0,0,0,0,0,0,0,0,0,0,0,0
2560,Earth Defense Force: Iron Rain,2019,69.0,5.5,70,1,0,0,0,0,0,0,0,0,0,0,0,1,0,0,0
2561,Genesis Alpha One,2019,66.66666666666667,3.633333333333333,70,1,0,1,0,0,0,0,0,0,0,0,0,0,0,0,0
2562,World War Z,2019,70.0,6.0,70,1,0,1,0,0,0,0,0,0,0,0,0,0,0,0,0
2563,Dawn of Man,2019,74.0,6.7,70,0,0,0,0,0,0,0,1,0,0,0,1,0,0,0,0
2564,The Blackout Club,2019,68.0,7.0,70,0,0,0,0,0,0,0,0,0,0,0,0,0,0,0,0
2565,Layers of Fear 2,2019,67.0,6.366666666666667,70,0,0,0,0,0,0,0,0,0,0,0,0,0,0,0,0
2566,Lapis x Labyrinth,2019,71.0,6.0,70,0,0,0,0,0,0,0,0,1,0,0,0,0,0,0,0
2567,Hitman HD Enhanced Collection,2019,69.0,2.2,70,0,0,0,0,0,0,0,0,0,0,0,0,0,0,0,0
2568,Crystar,2019,69.0,6.2,70,0,0,0,0,0,0,0,0,1,0,0,0,0,0,0,0
2569,Rain of Reflections: Chapter 1,2019,68.0,6.2058823529411775,70,0,0,0,0,0,0,0,0,0,0,0,1,0,1,0,0
2570,Project Nimbus: Complete Edition,2019,68.0,6.2058823529411775,70,1,0,0,0,0,0,0,0,0,0,0,0,1,0,0,0
2571,Felix the Reaper,2019,69.66666666666667,7.566666666666667,70,0,0,0,0,0,0,0,0,0,0,0,0,0,0,0,0
2572,Weedcraft Inc,2019,67.0,7.2,70,0,0,0,0,0,0,0,0,0,0,0,1,0,0,0,0
2573,Conan Unconquered,2019,62.0,4.8,70,0,0,0,0,0,0,0,1,0,0,0,1,0,0,0,0
2574,Death end re;Quest,2019,71.0,7.5,69,0,0,0,0,0,0,0,0,1,0,0,0,0,0,0,0
2575,NASCAR Heat 4,2019,74.0,7.3,69,0,0,0,0,0,0,1,0,0,1,0,0,0,0,0,0
2576,Effie,2019,68.0,7.1,69,1,0,0,0,0,0,0,0,0,0,0,0,0,0,0,0
2577,ChromaGun VR,2019,64.0,5.5,69,1,0,1,0,0,0,0,0,0,0,0,0,0,0,0,0
2578,Blair Witch,2019,67.5,6.449999999999998,69,0,0,0,0,0,0,0,0,0,0,0,0,0,0,0,0
2579,Ghostbusters: The Video Game Remastered,2019,68.0,6.233333333333333,69,1,0,0,0,0,0,0,0,0,0,0,0,0,0,0,0
2580,Assassin's Creed III Remastered,2019,69.66666666666667,5.166666666666667,69,0,0,0,0,0,0,0,0,0,0,0,0,0,0,0,0
2581,The Sinking City,2019,65.5,6.5,69,0,0,0,0,0,0,0,0,0,0,0,0,0,0,0,0
2582,Space Junkies,2019,70.0,4.7,69,1,0,0,0,0,0,0,0,0,0,0,0,0,0,0,0
2583,Steel Division 2,2019,73.0,8.0,69,0,0,0,0,0,0,0,1,0,0,0,1,0,0,0,0
2584,MediEvil,2019,67.0,8.3,68,0,0,0,0,0,0,0,0,0,0,0,0,0,0,0,0
2585,Citizens of Space,2019,63.0,5.013333333333334,68,0,0,0,0,0,0,0,0,1,0,0,0,0,0,0,0
2586,Warsaw,2019,64.0,7.5,68,0,0,0,0,0,0,0,0,1,0,0,0,0,0,0,0
2587,Night Call,2019,68.0,5.4,68,0,0,0,0,0,0,0,0,0,0,0,0,0,0,0,0
2588,Pathway,2019,68.0,6.7,68,0,0,0,0,0,0,0,0,0,0,0,1,0,1,0,0
2589,MXGP 2019,2019,69.0,5.802941176470588,68,0,0,0,0,0,0,1,0,0,0,0,0,0,0,0,0
2590,Degrees of Separation,2019,67.5,5.485294117647059,68,1,0,0,0,0,0,0,0,0,0,0,0,0,0,0,0
2591,Pathologic 2,2019,67.0,8.3,68,0,0,0,0,0,0,0,0,0,0,0,0,0,0,0,0
2592,Riverbond,2019,66.5,5.9,68,1,0,0,0,0,0,0,0,0,0,0,0,0,0,0,0
2593,Darksiders III: Keepers of the Void,2019,59.0,2.0,68,0,0,0,0,0,0,0,0,0,0,0,0,0,0,0,0
2594,Travis Strikes Again: No More Heroes,2019,67.0,7.8,68,1,0,0,0,0,0,0,0,0,0,0,0,0,0,0,0
2595,Warhammer: Chaosbane,2019,68.33333333333333,5.166666666666667,67,0,0,0,0,0,0,0,0,1,0,0,0,0,0,0,0
2596,Tech Support: Error Unknown,2019,70.0,7.2,67,0,0,0,0,0,0,0,0,0,1,0,0,0,0,0,0
2597,The Angry Birds Movie 2 VR: Under Pressure,2019,70.0,7.9,67,1,0,0,0,0,0,0,0,0,0,0,0,0,0,0,0
2598,Intruders: Hide and Seek,2019,62.0,6.3,67,0,0,0,0,0,0,0,0,0,0,0,0,0,0,0,0
2599,Deadly Premonition Origins,2019,70.0,7.4,67,0,0,0,0,0,0,0,0,0,0,0,0,0,0,0,0
2600,Double Cross,2019,67.0,6.7,67,1,0,0,0,0,0,0,0,0,0,0,0,0,0,0,0
2601,The Occupation,2019,66.66666666666667,3.733333333333333,67,0,0,1,0,0,0,0,0,0,0,0,0,0,0,0,0
2602,RICO,2019,70.0,6.5,67,1,0,1,0,0,0,0,0,0,0,0,0,0,0,0,0
2603,Mini-Mech Mayhem,2019,67.0,5.9,67,1,0,0,0,0,0,0,0,0,0,0,0,0,0,0,0
2604,Metal Wolf Chaos XD,2019,61.0,5.966666666666666,67,0,0,0,0,0,0,0,0,0,1,0,0,0,0,0,0
2605,Senran Kagura Burst Re:Newal,2019,65.0,4.2,67,1,0,0,0,0,0,0,0,0,0,0,0,0,0,0,0
2606,Ancestors: The Humankind Odyssey,2019,64.0,5.9,66,0,0,0,0,0,0,0,0,0,0,0,0,0,0,0,0
2607,Wolfenstein: Youngblood,2019,66.25,2.625,66,1,0,1,0,0,0,0,0,0,0,0,0,0,0,0,0
2608,Fitness Boxing,2019,66.0,7.0,66,0,0,0,0,0,0,0,0,0,0,0,0,0,0,0,0
2609,Automachef,2019,68.0,6.2058823529411775,66,0,0,0,0,0,0,0,0,0,0,0,1,0,0,0,0
2610,Dry Drowning,2019,65.0,8.0,66,0,0,0,0,0,0,0,0,0,0,0,0,0,0,0,0
2611,American Fugitive,2019,66.66666666666667,6.135294117647059,66,0,0,0,0,0,0,0,0,0,0,0,0,0,0,0,0
2612,Windscape,2019,66.0,5.769230769230767,66,0,0,0,0,0,0,0,0,0,0,0,0,0,0,0,0
2613,Rebel Cops,2019,69.0,6.3,66,0,0,0,0,0,0,0,0,0,0,0,1,0,1,0,0
2614,Snooker 19,2019,66.0,5.609157509157509,66,0,0,0,0,0,0,0,0,0,0,1,0,0,0,0,0
2615,Travis Strikes Again: No More Heroes - Complete Edition,2019,67.0,3.0,66,1,0,0,0,0,0,0,0,0,0,0,0,0,0,0,0
2616,The Hong Kong Massacre,2019,69.5,5.800000000000002,66,1,0,0,0,0,0,0,0,0,0,0,0,0,0,0,0
2617,Pagan Online,2019,64.0,6.1,65,0,0,0,0,0,0,0,0,1,0,0,0,0,0,0,0
2618,Redeemer: Enhanced Edition,2019,66.5,6.384615384615384,65,0,0,0,0,0,0,0,0,0,0,0,0,0,0,0,0
2619,Truberbrook,2019,76.0,6.81111111111111,65,0,0,0,0,0,0,0,0,0,0,0,0,0,0,0,0
2620,Elli,2019,67.0,6.389473684210527,65,0,0,0,0,0,0,0,0,0,0,0,0,0,0,0,0
2621,Sniper Elite V2 Remastered,2019,65.25,5.325,65,1,0,0,0,0,0,0,0,0,0,0,0,1,0,0,0
2622,Solo: Islands of the Heart,2019,55.0,4.6000000000000005,65,1,0,0,0,0,0,0,0,0,0,0,0,0,0,0,0
2623,Dangerous Driving,2019,63.5,4.5,64,0,0,0,0,0,0,1,0,0,0,0,0,0,0,0,0
2624,Outward,2019,64.66666666666667,7.366666666666667,64,0,0,0,0,0,0,0,0,1,0,0,0,0,0,0,0
2625,Little Town Hero,2019,64.0,4.4,63,0,0,0,0,0,0,0,0,1,0,0,0,0,0,0,0
2626,Super Monkey Ball: Banana Blitz HD,2019,62.5,5.699999999999998,63,0,0,0,0,0,0,0,0,0,0,0,0,0,0,0,0
2627,The World Next Door,2019,63.0,6.3,63,0,0,0,0,0,0,0,0,0,0,0,0,0,0,0,0
2628,Close to the Sun,2019,65.0,4.9,63,0,0,1,0,0,0,0,0,0,0,0,0,0,0,0,0
2629,Arcade Classics Anniversary Collection,2019,61.5,5.140909090909091,63,0,0,0,0,0,0,0,0,0,0,0,0,0,0,0,0
2630,Groundhog Day: Like Father Like Son,2019,62.0,5.0,63,0,0,1,0,0,0,0,0,0,0,0,0,0,0,0,0
2631,Jet Kave Adventure,2019,67.0,6.4,63,1,0,0,0,0,0,0,0,0,0,0,0,0,0,0,0
2632,A Knight's Quest,2019,62.0,4.15,63,0,0,0,0,0,0,0,0,0,0,0,0,0,0,0,0
2633,Crackdown 3,2019,57.0,3.45,63,1,0,0,0,0,0,0,0,0,0,0,0,1,0,0,0
2634,Destiny Connect: Tick-Tock Travelers,2019,57.0,5.3,62,0,0,0,0,0,0,0,0,1,0,0,0,0,0,0,0
2635,Rainswept,2019,67.0,6.4,62,0,0,0,0,0,0,0,0,0,0,0,0,0,0,0,0
2636,Vambrace: Cold Soul,2019,59.0,5.1625,62,0,0,0,0,0,0,0,0,0,0,0,0,0,0,0,0
2637,Senran Kagura: Peach Ball,2019,62.0,7.6,62,1,0,0,0,0,0,0,0,0,0,0,0,0,0,0,0
2638,Super Neptunia RPG,2019,61.0,4.5,62,0,0,0,0,0,0,0,0,1,0,0,0,0,0,0,0
2639,The Church in the Darkness,2019,60.33333333333334,4.266666666666667,62,0,0,0,0,0,0,0,0,0,0,0,0,0,0,0,0
2640,Mage's Initiation: Reign of the Elements,2019,70.0,6.8,62,0,0,0,0,0,0,0,0,0,0,0,0,0,0,0,0
2641,Immortal Legacy: The Jade Cipher,2019,59.0,7.6,62,1,0,0,0,0,0,0,0,0,0,0,0,0,0,0,0
2642,Stranger Things 3: The Game,2019,60.33333333333334,5.7333333333333325,61,0,0,0,0,0,0,0,0,0,0,0,0,0,0,0,0
2643,Warlocks 2: God Slayers,2019,60.0,7.2,61,0,0,0,0,0,0,0,0,1,0,0,0,0,0,0,0
2644,Catan,2019,61.0,2.0,61,0,0,0,0,0,0,0,0,0,0,0,0,0,0,0,0
2645,Bitlogic - A Cyberpunk Arcade Adventure,2019,55.0,4.6000000000000005,61,0,0,0,0,0,0,0,0,0,0,0,0,0,0,0,0
2646,Jupiter & Mars,2019,58.0,5.3,61,0,0,0,0,0,0,0,0,0,1,0,0,0,0,0,0
2647,Anthem,2019,59.33333333333334,3.766666666666667,61,0,0,0,0,0,0,0,0,1,0,0,0,0,0,0,0
2648,YIIK: A Postmodern RPG,2019,63.0,4.233333333333333,61,0,0,0,0,0,0,0,0,1,0,0,0,0,0,0,0
2649,Massira,2019,60.0,5.5,61,0,0,0,0,0,0,0,0,0,0,0,0,1,0,0,0
2650,The Princess Guide,2019,57.0,4.6,60,0,0,0,0,0,0,0,0,0,0,0,1,0,0,0,0
2651,The LEGO Movie 2 Videogame,2019,59.33333333333334,3.333333333333333,60,0,0,0,0,0,0,0,0,0,0,0,0,0,0,0,0
2652,The Caligula Effect: Overdose,2019,62.0,6.199999999999998,60,0,0,0,0,0,0,0,0,1,0,0,0,0,0,0,0
2653,RemiLore: Lost Girl in the Lands of Lore,2019,61.0,6.4,59,1,0,0,0,0,0,0,0,0,0,0,0,0,0,0,0
2654,Warparty,2019,62.0,5.4,59,0,0,0,0,0,0,0,1,0,0,0,1,0,0,0,0
2655,Warplanes: WW2 Dogfight,2019,56.0,4.4,59,0,0,0,1,0,0,0,0,0,1,0,0,0,0,0,0
2656,The Padre,2019,54.0,4.566666666666666,59,0,0,0,0,0,0,0,0,0,0,0,0,0,0,0,0
2657,Daymare: 1998,2019,62.0,6.6,58,0,0,0,0,0,0,0,0,0,0,0,0,0,0,0,0
2658,Vicious Circle,2019,58.0,4.659999999999998,58,0,0,0,0,0,0,0,0,0,0,0,0,0,0,0,0
2659,Zombie Driver: Immortal Edition,2019,60.0,5.781818181818182,58,1,0,0,0,0,0,0,0,0,0,0,0,0,0,0,0
2660,Xenon Racer,2019,64.0,5.85,57,0,0,0,0,0,0,1,0,0,0,0,0,0,0,0,0
2661,Feather,2019,54.0,4.566666666666666,56,0,0,0,0,0,0,0,0,0,0,0,0,1,0,0,0
2662,The Bradwell Conspiracy,2019,57.0,4.271428571428571,56,0,0,1,0,0,0,0,0,0,0,0,0,0,0,0,0
2663,Headspun,2019,50.0,4.825,56,0,0,0,0,0,0,0,0,0,0,0,0,0,0,0,0
2664,Eden-Tomorrow,2019,52.0,5.7,55,0,0,0,0,0,0,0,0,0,0,0,0,0,0,0,0
2665,SolSeraph,2019,55.5,4.129999999999999,55,0,0,0,0,0,0,0,0,0,0,0,0,0,0,0,0
2666,Little Friends: Dogs & Cats,2019,53.0,3.95,54,0,0,0,0,0,0,0,0,0,1,0,0,0,0,0,0
2667,The Forbidden Arts,2019,50.0,4.825,53,0,0,0,0,0,0,0,0,0,0,0,0,0,0,0,0
2668,Dance of Death: Du Lac & Fey,2019,51.0,5.8,53,0,0,0,0,0,0,0,0,0,0,0,0,1,0,0,0
2669,Silver Chains,2019,51.0,5.4,52,0,0,0,0,0,0,0,0,0,0,0,0,0,0,0,0
2670,Fimbul,2019,52.0,1.8,52,0,0,0,0,0,0,0,0,0,0,0,0,0,0,0,0
2671,Contra: Rogue Corps,2019,49.66666666666666,4.6000000000000005,52,1,0,0,0,0,0,0,0,0,0,0,0,0,0,0,0
2672,Grimshade,2019,54.0,4.566666666666666,51,0,0,0,0,0,0,0,0,1,0,0,0,0,0,0,0
2673,Whipseey and the Lost Atlas,2019,54.0,4.566666666666666,51,1,0,0,0,0,0,0,0,0,0,0,0,0,0,0,0
2674,Vane,2019,49.0,5.0,50,0,0,0,0,0,0,0,0,0,0,0,0,0,0,0,0
2675,Monster Jam Steel Titans,2019,47.0,5.4,50,0,0,0,0,0,0,1,0,0,0,0,0,0,0,0,0
2676,Devil's Hunt,2019,48.0,5.6,50,0,0,0,0,0,0,0,0,0,0,0,0,0,0,0,0
2677,Generation Zero,2019,48.66666666666666,5.566666666666666,49,0,0,0,0,0,0,0,0,0,0,0,0,0,0,0,0
2678,Wolfenstein: Cyberpilot,2019,50.0,3.8,49,1,0,1,0,0,0,0,0,0,0,0,0,0,0,0,0
2679,The Great Perhaps,2019,54.0,7.6,48,1,0,0,0,0,0,0,0,0,0,0,0,0,0,0,0
2680,Eternity: The Last Unicorn,2019,36.0,5.0,44,0,0,0,0,0,0,0,0,1,0,0,0,0,0,0,0
2681,WWE 2K20,2019,42.0,1.2,40,0,0,0,0,0,0,0,0,0,0,1,0,0,0,0,0
2682,FIFA 20: Legacy Edition,2019,43.0,0.8,40,0,0,0,0,0,0,0,0,0,0,1,0,0,0,0,0
2683,Decay of Logos,2019,49.0,4.6,39,0,0,0,0,0,0,0,0,1,0,0,0,0,0,0,0
2684,Left Alive,2019,37.0,8.4,38,0,0,0,0,0,0,0,0,0,0,0,0,0,0,0,0
