,name,platform,metascore,userscore,year,mean_userscore
0,Red Dead Redemption 2,PC,94,3.6,2019,6.05
1,Divinity: Original Sin II - Definitive Edition,Switch,94,8.5,2019,6.05
2,Resident Evil 2,XONE,93,8.4,2019,8.4
3,Sekiro: Shadows Die Twice,XONE,91,8.0,2019,8.450000000000001
4,Final Fantasy XIV: Shadowbringers,PC,91,8.9,2019,8.450000000000001
5,Final Fantasy XIV: Shadowbringers,PS4,91,8.3,2019,8.450000000000001
6,NieR: Automata - Game of the YoRHa Edition,PS4,91,8.4,2019,8.450000000000001
7,Resident Evil 2,PS4,91,8.8,2019,8.450000000000001
8,Dragon Quest XI S: Echoes of an Elusive Age - Definitive Edition,Switch,91,8.3,2019,8.450000000000001
9,Monster Hunter: World - Iceborne,XONE,90,8.7,2019,7.9
10,Disco Elysium,PC,90,8.4,2019,7.9
11,Tetris Effect,PC,90,6.5,2019,7.9
12,Sekiro: Shadows Die Twice,PS4,90,8.0,2019,7.9
13,Resident Evil 2,PC,89,9.0,2019,8.033333333333335
14,Ori and the Blind Forest: Definitive Edition,Switch,89,8.7,2019,8.033333333333335
15,Monster Hunter: World - Iceborne,PS4,89,8.4,2019,8.033333333333335
16,Asgard's Wrath,PC,89,8.6,2019,8.033333333333335
17,F1 2019,XONE,89,6.7,2019,8.033333333333335
18,Devil May Cry 5,PC,89,8.6,2019,8.033333333333335
19,Fire Emblem: Three Houses,Switch,89,8.7,2019,8.033333333333335
20,Slay the Spire,PC,89,6.9,2019,8.033333333333335
21,Apex Legends,PS4,89,6.7,2019,8.033333333333335
22,Sekiro: Shadows Die Twice,PC,88,7.9,2019,7.311111111111111
23,What Remains of Edith Finch,Switch,88,7.7,2019,7.311111111111111
24,Apex Legends,PC,88,5.9,2019,7.311111111111111
25,Devil May Cry 5,PS4,88,8.4,2019,7.311111111111111
26,Slay the Spire,PS4,88,5.6,2019,7.311111111111111
27,Super Mario Maker 2,Switch,88,8.5,2019,7.311111111111111
28,Downwell,Switch,88,7.1,2019,7.311111111111111
29,Apex Legends,XONE,88,6.6,2019,7.311111111111111
30,Frostpunk: Console Edition,XONE,88,8.1,2019,7.311111111111111
31,Devil May Cry 5,XONE,87,7.4,2019,7.924999999999999
32,Baba Is You,PC,87,8.0,2019,7.924999999999999
33,The Legend of Zelda: Link's Awakening,Switch,87,8.6,2019,7.924999999999999
34,Cuphead,Switch,87,8.3,2019,7.924999999999999
35,Astral Chain,Switch,87,8.9,2019,7.924999999999999
36,Frostpunk: Console Edition,PS4,87,7.3,2019,7.924999999999999
37,F1 2019,PC,87,7.1,2019,7.924999999999999
38,AI: The Somnium Files,Switch,87,7.8,2019,7.924999999999999
39,Dragon Quest Builders 2,PS4,86,7.7,2019,7.076923076923076
40,Star Wars Pinball,Switch,86,7.4,2019,7.076923076923076
41,Sunless Skies,PC,86,7.0,2019,7.076923076923076
42,Steins;Gate Elite,PS4,86,7.2,2019,7.076923076923076
43,Assault Android Cactus+,Switch,86,8.7,2019,7.076923076923076
44,The Outer Worlds,PS4,86,8.3,2019,7.076923076923076
45,Fell Seal: Arbiter's Mark,PS4,86,6.5,2019,7.076923076923076
46,Ni no Kuni: Wrath of the White Witch Remastered,PS4,86,7.8,2019,7.076923076923076
47,NHL 20,XONE,86,4.1,2019,7.076923076923076
48,Mortal Kombat 11,XONE,86,2.9,2019,7.076923076923076
49,MLB The Show 19,PS4,86,7.8,2019,7.076923076923076
50,BlazBlue: Central Fiction - Special Edition,Switch,86,8.3,2019,7.076923076923076
51,Cadence of Hyrule: Crypt of the NecroDancer Featuring The Legend of Zelda,Switch,86,8.3,2019,7.076923076923076
52,Control,PC,85,7.2,2019,7.591304347826087
53,Luigi's Mansion 3,Switch,85,8.6,2019,7.591304347826087
54,Valfaris,PC,85,8.0,2019,7.591304347826087
55,The Outer Worlds,XONE,85,8.3,2019,7.591304347826087
56,Slay the Spire,Switch,85,8.0,2019,7.591304347826087
57,Guacamelee! 2,XONE,85,6.6,2019,7.591304347826087
58,Devotion,PC,85,7.2,2019,7.591304347826087
59,Manifold Garden,PC,85,8.0,2019,7.591304347826087
60,The Witcher 3: Wild Hunt - Complete Edition,Switch,85,8.5,2019,7.591304347826087
61,VA-11 Hall-A: Cyberpunk Bartender Action,PS4,85,5.7,2019,7.591304347826087
62,Blaster Master Zero II,Switch,85,8.5,2019,7.591304347826087
63,Final Fantasy X / X-2 HD Remaster,XONE,85,8.6,2019,7.591304347826087
64,AMID EVIL,PC,85,7.1,2019,7.591304347826087
65,Dragon Quest Builders 2,Switch,85,8.1,2019,7.591304347826087
66,Final Fantasy XII: The Zodiac Age,Switch,85,8.4,2019,7.591304347826087
67,Age of Wonders: Planetfall,XONE,85,6.9,2019,7.591304347826087
68,Steins;Gate Elite,Switch,85,7.6,2019,7.591304347826087
69,Total War: Three Kingdoms,PC,85,7.9,2019,7.591304347826087
70,The Walking Dead: The Telltale Definitive Series,XONE,85,6.8,2019,7.591304347826087
71,Outer Wilds,PC,85,7.2,2019,7.591304347826087
72,Trials Rising,XONE,85,5.2,2019,7.591304347826087
73,Outer Wilds,XONE,85,7.6,2019,7.591304347826087
74,Final Fantasy X / X-2 HD Remaster,Switch,85,8.6,2019,7.591304347826087
75,DiRT Rally 2.0,PC,84,4.7,2019,6.758823529411764
76,Crash Team Racing: Nitro-Fueled,XONE,84,5.3,2019,6.758823529411764
77,Gears 5,XONE,84,8.5,2019,6.758823529411764
78,VA-11 Hall-A: Cyberpunk Bartender Action,Switch,84,8.0,2019,6.758823529411764
79,DiRT Rally 2.0,PS4,84,5.6,2019,6.758823529411764
80,Mario & Luigi: Bowser's Inside Story + Bowser Jr.'s Journey,3DS,84,7.6,2019,6.758823529411764
81,Wargroove,Switch,84,7.4,2019,6.758823529411764
82,Wargroove,PS4,84,5.6,2019,6.758823529411764
83,Bloodstained: Ritual of the Night,XONE,84,7.8,2019,6.758823529411764
84,WHAT THE GOLF?,PC,84,6.758823529411764,2019,6.758823529411764
85,Tom Clancy's The Division 2,PC,84,6.2,2019,6.758823529411764
86,F1 2019,PS4,84,7.6,2019,6.758823529411764
87,Baba Is You,Switch,84,8.2,2019,6.758823529411764
88,Telling Lies,PC,84,6.6,2019,6.758823529411764
89,Ape Out,Switch,84,6.1,2019,6.758823529411764
90,Sega Ages: OutRun,Switch,84,7.4,2019,6.758823529411764
91,Control,XONE,84,7.1,2019,6.758823529411764
92,Sayonara Wild Hearts,PS4,84,5.2,2019,6.758823529411764
93,Tetris 99,Switch,83,8.3,2019,7.612
94,Tales of Vesperia: Definitive Edition,Switch,83,7.7,2019,7.612
95,Bloodstained: Ritual of the Night,PC,83,8.5,2019,7.612
96,FAR: Lone Sails,PS4,83,5.2,2019,7.612
97,Bloodstained: Ritual of the Night,PS4,83,8.6,2019,7.612
98,Kingdom Hearts III,PS4,83,8.1,2019,7.612
99,Crash Team Racing: Nitro-Fueled,PS4,83,6.5,2019,7.612
100,Wreckfest,XONE,83,6.1,2019,7.612
101,Duck Game,Switch,83,7.8,2019,7.612
102,Ni no Kuni: Wrath of the White Witch,Switch,83,8.3,2019,7.612
103,Killer Queen Black,Switch,83,8.5,2019,7.612
104,Timespinner,Switch,83,7.4,2019,7.612
105,Remnant: From the Ashes,XONE,83,7.5,2019,7.612
106,The Legend of Heroes: Trails of Cold Steel III,PS4,83,8.7,2019,7.612
107,OlliOlli: Switch Stance,Switch,83,8.2,2019,7.612
108,Death Stranding,PS4,83,7.0,2019,7.612
109,Trials Rising,PC,83,4.7,2019,7.612
110,No Man's Sky Beyond,PS4,83,7.9,2019,7.612
111,Yooka-Laylee and the Impossible Lair,XONE,83,6.1,2019,7.612
112,Collection of Mana,Switch,83,8.4,2019,7.612
113,Ape Out,PC,83,6.2,2019,7.612
114,Katana ZERO,PC,83,8.9,2019,7.612
115,Sayonara Wild Hearts,Switch,83,8.4,2019,7.612
116,Katana ZERO,Switch,83,8.8,2019,7.612
117,A Plague Tale: Innocence,XONE,83,8.5,2019,7.612
118,80 DAYS,Switch,82,6.953846153846152,2019,6.953846153846152
119,Hypnospace Outlaw,PC,82,6.6,2019,6.953846153846152
120,Tom Clancy's The Division 2,PS4,82,7.0,2019,6.953846153846152
121,Mortal Kombat 11,PC,82,2.6,2019,6.953846153846152
122,Blazing Chrome,XONE,82,8.5,2019,6.953846153846152
123,Operencia: The Stolen Sun,XONE,82,7.2,2019,6.953846153846152
124,Hotline Miami Collection,Switch,82,8.3,2019,6.953846153846152
125,Atelier Ryza: Ever Darkness & the Secret Hideout,Switch,82,8.3,2019,6.953846153846152
126,Yooka-Laylee and the Impossible Lair,PS4,82,7.1,2019,6.953846153846152
127,Tom Clancy's The Division 2,XONE,82,7.1,2019,6.953846153846152
128,Borderlands 3,XONE,82,5.2,2019,6.953846153846152
129,Sega Ages: Virtua Racing,Switch,82,8.6,2019,6.953846153846152
130,Yakuza Kiwami 2,PC,82,8.6,2019,6.953846153846152
131,Blasphemous,XONE,82,8.2,2019,6.953846153846152
132,Ring Fit Adventure,Switch,82,8.7,2019,6.953846153846152
133,Sairento VR,PS4,82,5.5,2019,6.953846153846152
134,eFootball PES 2020,PS4,82,8.5,2019,6.953846153846152
135,Metro Exodus,PC,82,6.8,2019,6.953846153846152
136,Wreckfest,PS4,82,6.7,2019,6.953846153846152
137,Final Fantasy VII,Switch,82,8.3,2019,6.953846153846152
138,eFootball PES 2020,XONE,82,8.2,2019,6.953846153846152
139,Terraria,Switch,82,8.2,2019,6.953846153846152
140,SNK 40th Anniversary Collection,XONE,82,6.953846153846152,2019,6.953846153846152
141,Swords & Soldiers II: Shawarmageddon,Switch,82,8.3,2019,6.953846153846152
142,Vectronom,Switch,82,8.3,2019,6.953846153846152
143,Mortal Kombat 11,PS4,82,3.2,2019,6.953846153846152
144,DiRT Rally 2.0,XONE,82,7.1,2019,6.953846153846152
145,Control,PS4,82,7.2,2019,6.953846153846152
146,Life is Strange 2: Episode 4 - Faith,PC,82,5.3,2019,6.953846153846152
147,Call of Duty: Modern Warfare,XONE,82,3.6,2019,6.953846153846152
148,Indivisible,XONE,82,5.1,2019,6.953846153846152
149,Stygian: Reign of the Old Ones,PC,82,7.9,2019,6.953846153846152
150,Wargroove,PC,82,6.2,2019,6.953846153846152
151,The Walking Dead: The Telltale Definitive Series,PS4,82,5.8,2019,6.953846153846152
152,Children of Morta,PC,82,8.4,2019,6.953846153846152
153,Metro Exodus,XONE,82,6.7,2019,6.953846153846152
154,Pillars of Eternity: Complete Edition,Switch,82,2.7,2019,6.953846153846152
155,The Messenger,PS4,82,7.5,2019,6.953846153846152
156,Unravel Two,Switch,82,8.1,2019,6.953846153846152
157,The Outer Worlds,PC,82,7.7,2019,6.953846153846152
158,One Finger Death Punch 2,PC,82,7.9,2019,6.953846153846152
159,A Plague Tale: Innocence,PS4,81,8.6,2019,7.327500000000001
160,Gears 5,PC,81,6.8,2019,7.327500000000001
161,World of Warcraft Classic,PC,81,6.3,2019,7.327500000000001
162,Yuppie Psycho,PC,81,8.4,2019,7.327500000000001
163,Cytus Alpha,Switch,81,8.3,2019,7.327500000000001
164,Horace,PC,81,8.4,2019,7.327500000000001
165,Irony Curtain: From Matryoshka with Love,PC,81,8.0,2019,7.327500000000001
166,MORDHAU,PC,81,8.2,2019,7.327500000000001
167,Torchlight II,Switch,81,8.4,2019,7.327500000000001
168,Samurai Shodown,PS4,81,8.0,2019,7.327500000000001
169,Persona Q2: New Cinema Labyrinth,3DS,81,8.2,2019,7.327500000000001
170,Indivisible,PC,81,6.5,2019,7.327500000000001
171,Trine 4: The Nightmare Prince,PC,81,8.5,2019,7.327500000000001
172,Stellaris: Console Edition,XONE,81,7.8,2019,7.327500000000001
173,Catherine: Full Body,PS4,81,7.6,2019,7.327500000000001
174,Captain Toad: Treasure Tracker - Special Episode,Switch,81,8.1,2019,7.327500000000001
175,Hunt: Showdown,PC,81,7.5,2019,7.327500000000001
176,Void Bastards,PC,81,7.9,2019,7.327500000000001
177,Borderlands 3,PC,81,5.2,2019,7.327500000000001
178,Age of Wonders: Planetfall,PC,81,7.6,2019,7.327500000000001
179,Anno 1800,PC,81,8.0,2019,7.327500000000001
180,Call of Duty: Modern Warfare,PS4,81,3.2,2019,7.327500000000001
181,Resident Evil 4,Switch,81,8.4,2019,7.327500000000001
182,Fantasy General II,PC,81,7.7,2019,7.327500000000001
183,Outer Wilds,PS4,81,5.8,2019,7.327500000000001
184,A Plague Tale: Innocence,PC,81,8.7,2019,7.327500000000001
185,My Friend Pedro,PC,81,8.1,2019,7.327500000000001
186,Planet Zoo,PC,81,8.3,2019,7.327500000000001
187,Untitled Goose Game,Switch,81,7.7,2019,7.327500000000001
188,Phoenix Wright: Ace Attorney Trilogy,Switch,81,8.4,2019,7.327500000000001
189,Tales of Vesperia: Definitive Edition,PS4,81,7.2,2019,7.327500000000001
190,Baldur's Gate and Baldur's Gate II: Enhanced Editions,PS4,81,5.1,2019,7.327500000000001
191,Trine 4: The Nightmare Prince,XONE,81,8.2,2019,7.327500000000001
192,Songbird Symphony,Switch,81,7.7,2019,7.327500000000001
193,Castlevania Anniversary Collection,Switch,81,8.1,2019,7.327500000000001
194,Call of Duty: Modern Warfare,PC,81,2.5,2019,7.327500000000001
195,Sid Meier's Civilization VI: Gathering Storm,PC,81,6.6,2019,7.327500000000001
196,Etrian Odyssey Nexus,3DS,81,7.0,2019,7.327500000000001
197,Wargroove,XONE,81,5.5,2019,7.327500000000001
198,Contra Anniversary Collection,Switch,81,6.6,2019,7.327500000000001
199,Final Fantasy VIII Remastered,PS4,80,6.7,2019,7.234883720930233
200,Phoenix Wright: Ace Attorney Trilogy,PC,80,8.6,2019,7.234883720930233
201,The Red Strings Club,Switch,80,8.1,2019,7.234883720930233
202,Unruly Heroes,PC,80,6.8,2019,7.234883720930233
203,Tales of Vesperia: Definitive Edition,XONE,80,7.7,2019,7.234883720930233
204,Crash Team Racing: Nitro-Fueled,Switch,80,6.0,2019,7.234883720930233
205,The Elder Scrolls Online: Elsweyr,PC,80,8.1,2019,7.234883720930233
206,Phoenix Wright: Ace Attorney Trilogy,XONE,80,8.7,2019,7.234883720930233
207,Five Nights at Freddy's VR: Help Wanted,PS4,80,7.9,2019,7.234883720930233
208,SpellForce 3: Soul Harvest,PC,80,8.5,2019,7.234883720930233
209,SteamWorld Quest: Hand of Gilgamech,Switch,80,7.7,2019,7.234883720930233
210,Blood & Truth,PS4,80,8.0,2019,7.234883720930233
211,Torchlight II,PS4,80,4.1,2019,7.234883720930233
212,BoxBoy! + BoxGirl!,Switch,80,8.2,2019,7.234883720930233
213,New Super Mario Bros. U Deluxe,Switch,80,7.1,2019,7.234883720930233
214,Ghost Giant,PS4,80,7.1,2019,7.234883720930233
215,Final Fantasy VIII Remastered,Switch,80,7.3,2019,7.234883720930233
216,Trine 4: The Nightmare Prince,PS4,80,6.9,2019,7.234883720930233
217,Phoenix Wright: Ace Attorney Trilogy,PS4,80,7.5,2019,7.234883720930233
218,Metro Exodus,PS4,80,6.8,2019,7.234883720930233
219,Ace Combat 7: Skies Unknown,PS4,80,8.3,2019,7.234883720930233
220,Dauntless,PS4,80,3.5,2019,7.234883720930233
221,Resident Evil,Switch,80,8.4,2019,7.234883720930233
222,Castlevania Anniversary Collection,XONE,80,7.0,2019,7.234883720930233
223,Yo-kai Watch 3,3DS,80,7.3,2019,7.234883720930233
224,Trine 4: The Nightmare Prince,Switch,80,8.3,2019,7.234883720930233
225,Valfaris,Switch,80,8.2,2019,7.234883720930233
226,"Bury Me, My Love",PC,80,3.8,2019,7.234883720930233
227,The Legend of Heroes: Trails of Cold Steel,PS4,80,8.7,2019,7.234883720930233
228,Yakuza Kiwami,PC,80,8.3,2019,7.234883720930233
229,Darkwood,XONE,80,7.4,2019,7.234883720930233
230,Octopath Traveler,PC,80,6.2,2019,7.234883720930233
231,Brothers: A Tale of Two Sons,Switch,80,7.8,2019,7.234883720930233
232,Kingdom Hearts III,XONE,80,8.3,2019,7.234883720930233
233,Borderlands: Game of the Year Edition,XONE,80,8.0,2019,7.234883720930233
234,Catherine Classic,PC,80,7.9,2019,7.234883720930233
235,Dicey Dungeons,PC,80,7.5,2019,7.234883720930233
236,Heave Ho,Switch,80,7.7,2019,7.234883720930233
237,AI: The Somnium Files,PS4,80,7.4,2019,7.234883720930233
238,Salt and Sanctuary,XONE,80,6.8,2019,7.234883720930233
239,Darkwood,PS4,80,7.4,2019,7.234883720930233
240,NBA 2K20,XONE,80,0.8,2019,7.234883720930233
241,Judgment,PS4,80,8.3,2019,7.234883720930233
242,Yooka-Laylee and the Impossible Lair,Switch,79,7.8,2019,6.605555555555556
243,Blazing Beaks,Switch,79,6.6,2019,6.605555555555556
244,Tangledeep,Switch,79,8.2,2019,6.605555555555556
245,Knights and Bikes,PS4,79,7.9,2019,6.605555555555556
246,Yoshi's Crafted World,Switch,79,8.0,2019,6.605555555555556
247,WRC 8 FIA World Rally Championship,PC,79,5.5,2019,6.605555555555556
248,Gravity Ghost: Deluxe Edition,PS4,79,3.0,2019,6.605555555555556
249,Kirby's Extra Epic Yarn,3DS,79,6.6,2019,6.605555555555556
250,Atelier Ryza: Ever Darkness & the Secret Hideout,PS4,79,8.0,2019,6.605555555555556
251,Octahedron: Transfixed Edition,Switch,79,8.0,2019,6.605555555555556
252,The Ninja Saviors: Return of the Warriors,Switch,79,7.7,2019,6.605555555555556
253,Hellblade: Senua's Sacrifice,Switch,79,6.8,2019,6.605555555555556
254,Ace Combat 7: Skies Unknown,XONE,79,7.9,2019,6.605555555555556
255,Knights And Bikes,PC,79,7.3,2019,6.605555555555556
256,Agent A: A Puzzle In Disguise,Switch,79,6.605555555555556,2019,6.605555555555556
257,Blazing Chrome,Switch,79,7.8,2019,6.605555555555556
258,Gato Roboto,PC,79,8.0,2019,6.605555555555556
259,Yu-Gi-Oh! Legacy of the Duelist: Link Evolution,Switch,79,8.4,2019,6.605555555555556
260,Crystal Crisis,Switch,79,8.2,2019,6.605555555555556
261,Blazing Chrome,PC,79,7.0,2019,6.605555555555556
262,FIFA 20,XONE,79,0.9,2019,6.605555555555556
263,Mortal Kombat 11,Switch,79,3.4,2019,6.605555555555556
264,Madden NFL 20,XONE,79,2.1,2019,6.605555555555556
265,Life is Strange 2: Episode 2 - Rules,PC,79,5.0,2019,6.605555555555556
266,Trials Rising,PS4,79,6.5,2019,6.605555555555556
267,Ion Fury,PC,79,5.9,2019,6.605555555555556
268,Observation,PC,79,7.4,2019,6.605555555555556
269,Dauntless,PC,79,5.4,2019,6.605555555555556
270,Ace Combat 7: Skies Unknown,PC,79,7.0,2019,6.605555555555556
271,GreedFall,XONE,79,8.2,2019,6.605555555555556
272,FIFA 20,PS4,79,1.1,2019,6.605555555555556
273,GRID Autosport,Switch,79,8.4,2019,6.605555555555556
274,Untitled Goose Game,PC,79,5.7,2019,6.605555555555556
275,Spyro Reignited Trilogy,Switch,79,8.4,2019,6.605555555555556
276,Digimon Story Cyber Sleuth: Complete Edition,Switch,79,7.9,2019,6.605555555555556
277,Druidstone: The Secret of the Menhir Forest,PC,79,7.4,2019,6.605555555555556
278,God's Trigger,XONE,79,8.4,2019,6.605555555555556
279,Mechstermination Force,Switch,78,7.7,2019,6.8047619047619055
280,Yooka-Laylee and the Impossible Lair,PC,78,6.9,2019,6.8047619047619055
281,Disney Classic Games: Aladdin and the Lion King,PS4,78,3.8,2019,6.8047619047619055
282,Torchlight II,XONE,78,7.5,2019,6.8047619047619055
283,Descenders,PC,78,6.6,2019,6.8047619047619055
284,WRC 8 FIA World Rally Championship,PS4,78,5.8,2019,6.8047619047619055
285,Blasphemous,PS4,78,7.7,2019,6.8047619047619055
286,Borderlands 3,PS4,78,5.6,2019,6.8047619047619055
287,River City Girls,PS4,78,6.2,2019,6.8047619047619055
288,World End Syndrome,Switch,78,7.6,2019,6.8047619047619055
289,Children of Morta,PS4,78,7.7,2019,6.8047619047619055
290,Angry Birds VR: Isle of Pigs,PC,78,5.2,2019,6.8047619047619055
291,Remnant: From the Ashes,PC,78,6.8,2019,6.8047619047619055
292,Golf Peaks,Switch,78,7.8,2019,6.8047619047619055
293,The Surge 2,XONE,78,6.6,2019,6.8047619047619055
294,Atelier Lulua: The Scion of Arland,Switch,78,7.9,2019,6.8047619047619055
295,We. The Revolution,Switch,78,7.8,2019,6.8047619047619055
296,Yonder: The Cloud Catcher Chronicles,XONE,78,6.8047619047619055,2019,6.8047619047619055
297,GRID,XONE,78,4.9,2019,6.8047619047619055
298,Forager,Switch,78,8.1,2019,6.8047619047619055
299,Indivisible,PS4,78,6.8,2019,6.8047619047619055
300,Life is Strange 2: Episode 3 - Wastelands,PC,78,6.4,2019,6.8047619047619055
301,Dragon's Dogma: Dark Arisen,Switch,78,8.3,2019,6.8047619047619055
302,Atelier Lulua: The Scion of Arland,PS4,78,6.7,2019,6.8047619047619055
303,My Friend Pedro,Switch,78,7.9,2019,6.8047619047619055
304,Plants vs. Zombies: Battle for Neighborville,PS4,78,5.4,2019,6.8047619047619055
305,Tropico 6,PC,78,6.6,2019,6.8047619047619055
306,Blasphemous,PC,78,8.0,2019,6.8047619047619055
307,Never Give Up,Switch,78,7.9,2019,6.8047619047619055
308,Shakedown Hawaii,PS4,78,5.2,2019,6.8047619047619055
309,The Textorcist: The Story of Ray Bibbia,PC,78,7.0,2019,6.8047619047619055
310,The Walking Dead: The Telltale Series - The Final Season Episode 3: Broken Toys,PS4,78,6.9,2019,6.8047619047619055
311,The Sojourn,PC,78,7.2,2019,6.8047619047619055
312,River City Girls,Switch,78,7.0,2019,6.8047619047619055
313,Forager,PC,78,8.4,2019,6.8047619047619055
314,Trials Rising,Switch,78,7.9,2019,6.8047619047619055
315,Samurai Shodown,XONE,78,7.7,2019,6.8047619047619055
316,Creature in the Well,XONE,78,4.9,2019,6.8047619047619055
317,My Memory of Us,Switch,78,8.1,2019,6.8047619047619055
318,Eastshade,PC,78,8.2,2019,6.8047619047619055
319,The Legend of Heroes: Trails of Cold Steel II,PS4,78,8.4,2019,6.8047619047619055
320,A Fisherman's Tale,PC,78,6.0,2019,6.8047619047619055
321,NBA 2K20,PS4,78,0.7,2019,6.8047619047619055
322,Vacation Simulator,PC,77,7.4,2019,6.784375000000002
323,Puzzle Quest: The Legend Returns,Switch,77,7.8,2019,6.784375000000002
324,Rebel Galaxy Outlaw,PC,77,5.8,2019,6.784375000000002
325,Pawarumi,Switch,77,7.7,2019,6.784375000000002
326,Battlefleet Gothic: Armada 2,PC,77,7.5,2019,6.784375000000002
327,Life is Strange 2: Episode 4 - Faith,PS4,77,5.1,2019,6.784375000000002
328,The Walking Dead: The Telltale Series - The Final Season Episode 4: Take Us Back,PC,77,8.4,2019,6.784375000000002
329,Dandy Dungeon: Legend of Brave Yamada,Switch,77,8.1,2019,6.784375000000002
330,Destiny 2: Shadowkeep,PC,77,6.0,2019,6.784375000000002
331,They Are Billions,PC,77,6.1,2019,6.784375000000002
332,Super Cane Magic ZERO,PS4,77,5.6,2019,6.784375000000002
333,Afterparty,PC,77,7.1,2019,6.784375000000002
334,Plants vs. Zombies: Battle for Neighborville,PC,77,3.7,2019,6.784375000000002
335,Fight'N Rage,Switch,77,6.784375000000002,2019,6.784375000000002
336,Darksiders II: Deathinitive Edition,Switch,77,7.9,2019,6.784375000000002
337,Space Junkies,PC,77,6.0,2019,6.784375000000002
338,Whispers of a Machine,PC,77,7.2,2019,6.784375000000002
339,Stellaris: Console Edition,PS4,77,6.8,2019,6.784375000000002
340,Assetto Corsa Competizione,PC,77,6.7,2019,6.784375000000002
341,Green Hell,PC,77,7.5,2019,6.784375000000002
342,Age of Wonders: Planetfall,PS4,77,7.4,2019,6.784375000000002
343,The Surge 2,PC,77,6.3,2019,6.784375000000002
344,Unruly Heroes,XONE,77,6.8,2019,6.784375000000002
345,Assassin's Creed III Remastered,XONE,77,4.4,2019,6.784375000000002
346,We. The Revolution,PC,77,7.5,2019,6.784375000000002
347,Forza Horizon 4: LEGO Speed Champions,XONE,77,5.7,2019,6.784375000000002
348,NHL 20,PS4,77,4.3,2019,6.784375000000002
349,The Book of Unwritten Tales 2,Switch,77,8.0,2019,6.784375000000002
350,Tiny Metal: Full Metal Rumble,Switch,77,8.0,2019,6.784375000000002
351,Darksiders: Warmastered Edition,Switch,77,7.9,2019,6.784375000000002
352,Need for Speed Heat,XONE,77,7.4,2019,6.784375000000002
353,Disney Classic Games: Aladdin and the Lion King,Switch,77,7.2,2019,6.784375000000002
354,For the King,Switch,77,7.8,2019,6.784375000000002
355,Creature in the Well,Switch,76,7.5,2019,6.81111111111111
356,MotoGP 19,PS4,76,7.8,2019,6.81111111111111
357,Pode,PS4,76,4.3,2019,6.81111111111111
358,Pikuniku,Switch,76,7.7,2019,6.81111111111111
359,Hob: The Definitive Edition,Switch,76,7.7,2019,6.81111111111111
360,She Remembered Caterpillars,Switch,76,7.8,2019,6.81111111111111
361,Tropico 6,PS4,76,7.1,2019,6.81111111111111
362,WRC 8 FIA World Rally Championship,XONE,76,6.5,2019,6.81111111111111
363,Truberbrook,XONE,76,6.81111111111111,2019,6.81111111111111
364,Dead or Alive 6,XONE,76,5.7,2019,6.81111111111111
365,ToeJam & Earl: Back in the Groove,PC,76,6.8,2019,6.81111111111111
366,Trover Saves the Universe,PS4,76,7.9,2019,6.81111111111111
367,The Swords of Ditto: Mormo's Curse,Switch,76,7.5,2019,6.81111111111111
368,Remnant: From the Ashes,PS4,76,7.3,2019,6.81111111111111
369,Madden NFL 20,PS4,76,1.6,2019,6.81111111111111
370,Blasphemous,Switch,76,7.8,2019,6.81111111111111
371,Mutazione,PS4,76,6.8,2019,6.81111111111111
372,Final Fantasy IX,Switch,76,7.7,2019,6.81111111111111
373,Blazing Chrome,PS4,76,7.3,2019,6.81111111111111
374,Neo Cab,PC,76,5.7,2019,6.81111111111111
375,Imperator: Rome,PC,76,4.6,2019,6.81111111111111
376,Destiny 2: Shadowkeep,XONE,76,7.7,2019,6.81111111111111
377,Silence,Switch,76,7.8,2019,6.81111111111111
378,Borderlands: Game of the Year Edition,PS4,76,6.2,2019,6.81111111111111
379,Rad,XONE,76,6.0,2019,6.81111111111111
380,Feudal Alloy,PC,76,7.6,2019,6.81111111111111
381,New Super Lucky's Tale,Switch,76,7.9,2019,6.81111111111111
382,Beyond: Two Souls,PC,76,7.6,2019,6.81111111111111
383,Unruly Heroes,Switch,75,7.9,2019,6.688235294117646
384,Code Vein,XONE,75,8.0,2019,6.688235294117646
385,"Bury me, my Love",Switch,75,5.3,2019,6.688235294117646
386,Heaven's Vault,PC,75,5.5,2019,6.688235294117646
387,Field of Glory: Empires,PC,75,7.7,2019,6.688235294117646
388,Unruly Heroes,PS4,75,6.9,2019,6.688235294117646
389,The Surge 2,PS4,75,6.9,2019,6.688235294117646
390,Rock of Ages 2: Bigger & Boulder,Switch,75,7.8,2019,6.688235294117646
391,The Dark Pictures - Man of Medan,PC,75,6.1,2019,6.688235294117646
392,Observer,Switch,75,7.6,2019,6.688235294117646
393,Void Bastards,XONE,75,8.3,2019,6.688235294117646
394,Defector,PC,75,4.5,2019,6.688235294117646
395,God's Trigger,PC,75,8.7,2019,6.688235294117646
396,Life is Strange 2: Episode 3 - Wastelands,PS4,75,5.4,2019,6.688235294117646
397,Etherborn,PS4,75,7.7,2019,6.688235294117646
398,Concrete Genie,PS4,75,8.4,2019,6.688235294117646
399,Far Cry New Dawn,XONE,75,3.5,2019,6.688235294117646
400,Plants vs. Zombies: Battle for Neighborville,XONE,75,4.5,2019,6.688235294117646
401,Headliner: NoviNews,Switch,75,6.688235294117646,2019,6.688235294117646
402,Fantasy Strike,Switch,75,7.8,2019,6.688235294117646
403,MotoGP 19,XONE,75,8.1,2019,6.688235294117646
404,X-Morph: Defense,Switch,75,7.6,2019,6.688235294117646
405,City of Brass,Switch,75,7.1,2019,6.688235294117646
406,Fate/Extella Link,PS4,75,6.7,2019,6.688235294117646
407,Dragon Star Varnir,PS4,75,6.8,2019,6.688235294117646
408,ToeJam & Earl: Back in the Groove,Switch,75,6.0,2019,6.688235294117646
409,Heavy Rain,PC,75,6.9,2019,6.688235294117646
410,The Ninja Saviors: Return of the Warriors,PS4,75,5.1,2019,6.688235294117646
411,My Time At Portia,PS4,75,4.7,2019,6.688235294117646
412,Neo Cab,Switch,75,6.8,2019,6.688235294117646
413,The Walking Dead: The Telltale Series - The Final Season Episode 4: Take Us Back,PS4,75,6.9,2019,6.688235294117646
414,The Alliance Alive HD Remastered,Switch,75,7.6,2019,6.688235294117646
415,Observation,PS4,75,6.5,2019,6.688235294117646
416,Shakedown Hawaii,Switch,75,7.1,2019,6.688235294117646
417,Attack on Titan 2: Final Battle,PS4,75,5.0,2019,6.688235294117646
418,Doraemon: Story of Seasons,Switch,74,7.5,2019,6.415625
419,The Walking Dead: The Telltale Series - The Final Season Episode 3: Broken Toys,PC,74,7.2,2019,6.415625
420,Everybody's Golf VR,PS4,74,7.9,2019,6.415625
421,Hellmut: The Badass from Hell,XONE,74,6.415625,2019,6.415625
422,Castlevania Anniversary Collection,PS4,74,4.9,2019,6.415625
423,The Raven Remastered,Switch,74,6.9,2019,6.415625
424,Rad,PS4,74,6.5,2019,6.415625
425,Super Mutant Alien Assault,Switch,74,6.415625,2019,6.415625
426,Devil May Cry,Switch,74,7.6,2019,6.415625
427,Onimusha: Warlords,XONE,74,4.9,2019,6.415625
428,Afterparty,XONE,74,5.5,2019,6.415625
429,Life is Strange 2: Episode 2 - Rules,XONE,74,4.5,2019,6.415625
430,Ancestors Legacy,PS4,74,6.9,2019,6.415625
431,GRID,PC,74,5.4,2019,6.415625
432,Dawn of Man,PC,74,6.7,2019,6.415625
433,Bloodstained: Ritual of the Night,Switch,74,5.2,2019,6.415625
434,Gibbous -  A Cthulhu Adventure,PC,74,6.7,2019,6.415625
435,Puyo Puyo Champions,Switch,74,7.1,2019,6.415625
436,Baldur's Gate and Baldur's Gate II: Enhanced Editions,Switch,74,7.7,2019,6.415625
437,Lapis x Labyrinth,PS4,74,4.8,2019,6.415625
438,God Eater 3,Switch,74,7.3,2019,6.415625
439,John Wick Hex,PC,74,3.5,2019,6.415625
440,Darkwood,Switch,74,7.5,2019,6.415625
441,Pikuniku,PC,74,6.2,2019,6.415625
442,Layton's Mystery Journey: Katrielle and The Millionaires' Conspiracy - Deluxe Edition,Switch,74,7.5,2019,6.415625
443,Vasara Collection,Switch,74,7.3,2019,6.415625
444,198X,PS4,74,4.8,2019,6.415625
445,Out There: Omega The Alliance,Switch,74,6.415625,2019,6.415625
446,Onimusha: Warlords,PS4,74,6.5,2019,6.415625
447,Attack on Titan 2: Final Battle,XONE,74,6.415625,2019,6.415625
448,Contra Anniversary Collection,PS4,74,5.9,2019,6.415625
449,Destiny 2: Shadowkeep,PS4,74,6.2,2019,6.415625
450,Deliver Us The Moon,PC,74,8.5,2019,6.415625
451,Fate/Extella Link,Switch,74,7.5,2019,6.415625
452,NASCAR Heat 4,XONE,74,7.3,2019,6.415625
453,SNK 40th Anniversary Collection,PS4,74,5.4,2019,6.415625
454,Aragami: Shadow Edition,Switch,73,7.5,2019,6.4411764705882355
455,Far Cry New Dawn,PC,73,3.6,2019,6.4411764705882355
456,Overwhelm,Switch,73,6.4411764705882355,2019,6.4411764705882355
457,Sniper Elite III: Ultimate Edition,Switch,73,7.3,2019,6.4411764705882355
458,Life is Strange 2: Episode 2 - Rules,PS4,73,5.1,2019,6.4411764705882355
459,Felix the Reaper,PC,73,7.8,2019,6.4411764705882355
460,Vasara Collection,XONE,73,7.9,2019,6.4411764705882355
461,Nowhere Prophet,PC,73,6.4,2019,6.4411764705882355
462,Cricket 19,PS4,73,8.4,2019,6.4411764705882355
463,Life is Strange 2: Episode 3 - Wastelands,XONE,73,6.7,2019,6.4411764705882355
464,Overwatch,Switch,73,6.4,2019,6.4411764705882355
465,Need for Speed Heat,PS4,73,6.5,2019,6.4411764705882355
466,Team Sonic Racing,XONE,73,7.9,2019,6.4411764705882355
467,Sniper Elite V2 Remastered,XONE,73,6.5,2019,6.4411764705882355
468,Vaporum,PS4,73,2.4,2019,6.4411764705882355
469,Dead or Alive 6,PC,73,4.9,2019,6.4411764705882355
470,GRID,PS4,73,5.3,2019,6.4411764705882355
471,Warhammer: Chaosbane,XONE,73,6.1,2019,6.4411764705882355
472,The Sojourn,XONE,73,7.1,2019,6.4411764705882355
473,Marvel Ultimate Alliance 3: The Black Order,Switch,73,7.2,2019,6.4411764705882355
474,They Are Billions,XONE,73,6.4411764705882355,2019,6.4411764705882355
475,The Eternal Castle Remastered,PC,73,6.9,2019,6.4411764705882355
476,Cat Quest II: The Lupus Empire,PC,73,6.4,2019,6.4411764705882355
477,Steel Division 2,PC,73,8.0,2019,6.4411764705882355
478,My Time At Portia,PC,73,7.0,2019,6.4411764705882355
479,Song of Horror,PC,73,8.3,2019,6.4411764705882355
480,GreedFall,PC,73,7.8,2019,6.4411764705882355
481,Chocobo's Mystery Dungeon: Every Buddy!,Switch,73,7.6,2019,6.4411764705882355
482,RAGE 2,PC,73,5.4,2019,6.4411764705882355
483,Draugen,PC,73,7.1,2019,6.4411764705882355
484,Muse Dash,Switch,73,7.7,2019,6.4411764705882355
485,My Time At Portia,XONE,73,6.1,2019,6.4411764705882355
486,NBA 2K20,Switch,73,1.4,2019,6.4411764705882355
487,Minoria,PC,73,7.5,2019,6.4411764705882355
488,World War Z,XONE,73,5.7,2019,6.4411764705882355
489,RISE: Race to the Future,Switch,73,5.1,2019,6.4411764705882355
490,Hue,Switch,73,6.4411764705882355,2019,6.4411764705882355
491,Code Vein,PC,72,7.7,2019,6.284999999999999
492,RAGE 2,XONE,72,5.8,2019,6.284999999999999
493,Monster Energy Supercross:  The Official Videogame 2,PS4,72,6.4,2019,6.284999999999999
494,Ghostbusters: The Video Game Remastered,Switch,72,6.7,2019,6.284999999999999
495,The Blackout Club,PS4,72,5.2,2019,6.284999999999999
496,Team Sonic Racing,PS4,72,7.9,2019,6.284999999999999
497,Red Faction: Guerrilla Re-Mars-tered,Switch,72,7.0,2019,6.284999999999999
498,GreedFall,PS4,72,8.0,2019,6.284999999999999
499,Cinders,Switch,72,6.284999999999999,2019,6.284999999999999
500,Assassin's Creed III Remastered,PS4,72,4.4,2019,6.284999999999999
501,Sea of Solitude,XONE,72,6.9,2019,6.284999999999999
502,Grandia HD Collection,Switch,72,6.1,2019,6.284999999999999
503,Planescape: Torment: Enhanced Edition / Icewind Dale: Enhanced Edition,Switch,72,6.284999999999999,2019,6.284999999999999
504,When Ski Lifts Go Wrong,Switch,72,6.284999999999999,2019,6.284999999999999
505,Stranger Things 3: The Game,XONE,72,5.6,2019,6.284999999999999
506,They Are Billions,PS4,72,4.6,2019,6.284999999999999
507,My Time At Portia,Switch,72,4.6,2019,6.284999999999999
508,Dark Devotion,PC,72,7.3,2019,6.284999999999999
509,Gato Roboto,Switch,72,7.3,2019,6.284999999999999
510,Dead or Alive 6,PS4,72,5.4,2019,6.284999999999999
511,The Liar Princess and the Blind Prince,Switch,72,7.2,2019,6.284999999999999
512,Zanki Zero: Last Beginning,PS4,72,5.9,2019,6.284999999999999
513,Stela,XONE,72,5.7,2019,6.284999999999999
514,Shakedown Hawaii,PC,71,5.1,2019,6.566666666666667
515,ASTRONEER,PC,71,7.2,2019,6.566666666666667
516,God's Trigger,PS4,71,7.7,2019,6.566666666666667
517,Pawarumi,XONE,71,6.566666666666667,2019,6.566666666666667
518,God Eater 3,PC,71,6.6,2019,6.566666666666667
519,Rad,PC,71,6.3,2019,6.566666666666667
520,Irony Curtain: From Matryoshka with Love,Switch,71,6.566666666666667,2019,6.566666666666667
521,Far Cry New Dawn,PS4,71,3.8,2019,6.566666666666667
522,Days Gone,PS4,71,8.0,2019,6.566666666666667
523,Leisure Suit Larry: Wet Dreams Don't Dry,PS4,71,7.0,2019,6.566666666666667
524,Mutant Year Zero: Road to Eden - Seed of Evil,PC,71,6.8,2019,6.566666666666667
525,Death end re;Quest,PS4,71,7.5,2019,6.566666666666667
526,Exception,Switch,71,6.566666666666667,2019,6.566666666666667
527,Melbits World,PS4,71,6.8,2019,6.566666666666667
528,God Eater 3,PS4,71,7.7,2019,6.566666666666667
529,LEGO Jurassic World,Switch,71,6.566666666666667,2019,6.566666666666667
530,Resident Evil 5,Switch,71,6.4,2019,6.566666666666667
531,The Hong Kong Massacre,PS4,71,5.9,2019,6.566666666666667
532,The Sojourn,PS4,71,6.5,2019,6.566666666666667
533,Onimusha: Warlords,Switch,71,7.5,2019,6.566666666666667
534,Mutant Year Zero: Road to Eden - Deluxe Edition,Switch,71,5.2,2019,6.566666666666667
535,Thea: The Awakening,Switch,71,6.566666666666667,2019,6.566666666666667
536,Moons of Madness,PC,71,6.9,2019,6.566666666666667
537,Afterparty,PS4,71,5.8,2019,6.566666666666667
538,Etherborn,XONE,71,8.4,2019,6.566666666666667
539,Heaven's Vault,PS4,71,4.4,2019,6.566666666666667
540,The Sinking City,PC,71,5.7,2019,6.566666666666667
541,Everything,Switch,71,6.566666666666667,2019,6.566666666666667
542,Team Sonic Racing,Switch,71,7.6,2019,6.566666666666667
543,Dragon Quest III: The Seeds of Salvation,Switch,71,6.8,2019,6.566666666666667
544,DARQ,PC,70,8.0,2019,6.642857142857143
545,BurgerTime Party!,Switch,70,6.5,2019,6.642857142857143
546,A Fisherman's Tale,PS4,70,4.9,2019,6.642857142857143
547,AER: Memories of Old,Switch,70,6.642857142857143,2019,6.642857142857143
548,Resident Evil 0,Switch,70,7.0,2019,6.642857142857143
549,Layers of Fear 2,PC,70,6.2,2019,6.642857142857143
550,Conarium,XONE,70,6.5,2019,6.642857142857143
551,Redout,Switch,70,7.3,2019,6.642857142857143
552,Mage's Initiation: Reign of the Elements,PC,70,6.8,2019,6.642857142857143
553,Code Vein,PS4,70,7.9,2019,6.642857142857143
554,Nelke & the Legendary Alchemists: Ateliers of the New World,Switch,70,7.2,2019,6.642857142857143
555,Tech Support: Error Unknown,PC,70,7.2,2019,6.642857142857143
556,Degrees of Separation,PS4,70,5.7,2019,6.642857142857143
557,World War Z,PC,70,6.1,2019,6.642857142857143
558,MXGP 2019,XONE,70,5.4,2019,6.642857142857143
559,Akane,Switch,70,6.642857142857143,2019,6.642857142857143
560,Snooker 19,XONE,70,6.642857142857143,2019,6.642857142857143
561,Saints Row: The Third - The Full Package,Switch,70,5.8,2019,6.642857142857143
562,Beat Cop,Switch,70,6.642857142857143,2019,6.642857142857143
563,Falcon Age,PS4,70,6.3,2019,6.642857142857143
564,The Dark Pictures - Man of Medan,XONE,70,6.5,2019,6.642857142857143
565,The Angry Birds Movie 2 VR: Under Pressure,PS4,70,7.9,2019,6.642857142857143
566,RICO,Switch,70,6.5,2019,6.642857142857143
567,Nintendo Labo: Toycon 04 VR Kit,Switch,70,6.4,2019,6.642857142857143
568,Deadly Premonition Origins,Switch,70,7.4,2019,6.642857142857143
569,Super Dragon Ball Heroes: World Mission,Switch,69,7.4,2019,6.055555555555554
570,Genesis Alpha One,XONE,69,3.0,2019,6.055555555555554
571,Wolfenstein: Youngblood,PC,69,2.2,2019,6.055555555555554
572,Chocobo's Mystery Dungeon: Every Buddy!,PS4,69,7.2,2019,6.055555555555554
573,Mages of Mystralia,Switch,69,6.0,2019,6.055555555555554
574,Felix the Reaper,XONE,69,7.5,2019,6.055555555555554
575,The Dark Pictures - Man of Medan,PS4,69,5.8,2019,6.055555555555554
576,Hitman HD Enhanced Collection,PS4,69,2.2,2019,6.055555555555554
577,Blair Witch,PC,69,6.3,2019,6.055555555555554
578,The Liar Princess and the Blind Prince,PS4,69,6.8,2019,6.055555555555554
579,The Blackout Club,XONE,69,7.8,2019,6.055555555555554
580,Erica,PS4,69,7.0,2019,6.055555555555554
581,Rebel Cops,PC,69,6.3,2019,6.055555555555554
582,The Mage's Tale,PS4,69,5.6,2019,6.055555555555554
583,Warhammer: Chaosbane,PC,69,5.1,2019,6.055555555555554
584,Mario & Sonic at the Olympic Games: Tokyo 2020,Switch,69,6.8,2019,6.055555555555554
585,Oninaki,PS4,69,5.5,2019,6.055555555555554
586,Aftercharge,XONE,69,6.3,2019,6.055555555555554
587,The Occupation,XONE,69,3.8,2019,6.055555555555554
588,Tannenberg,PC,69,8.7,2019,6.055555555555554
589,Q.U.B.E. 2,Switch,69,7.3,2019,6.055555555555554
590,Crystar,PS4,69,6.2,2019,6.055555555555554
591,Overland,PC,69,7.1,2019,6.055555555555554
592,Dragon Marked For Death,Switch,69,7.4,2019,6.055555555555554
593,Earth Defense Force: Iron Rain,PS4,69,5.5,2019,6.055555555555554
594,ToeJam & Earl: Back in the Groove,XONE,69,6.0,2019,6.055555555555554
595,Sea of Solitude,PS4,69,6.7,2019,6.055555555555554
596,Daemon X Machina,Switch,68,7.1,2019,6.2058823529411775
597,Layers of Fear 2,PS4,68,6.3,2019,6.2058823529411775
598,Wolfenstein: Youngblood,XONE,68,2.1,2019,6.2058823529411775
599,Night Call,PC,68,5.4,2019,6.2058823529411775
600,Call of Cthulhu: The Official Video Game,Switch,68,7.0,2019,6.2058823529411775
601,Automachef,Switch,68,6.2058823529411775,2019,6.2058823529411775
602,Kill la Kill: IF,PS4,68,7.6,2019,6.2058823529411775
603,Vampyr,Switch,68,7.1,2019,6.2058823529411775
604,The Wizards: Enhanced Edition,PS4,68,6.1,2019,6.2058823529411775
605,Friday The 13th: The Game - Ultimate Slasher Switch Edition,Switch,68,5.4,2019,6.2058823529411775
606,Smoke and Sacrifice,PS4,68,7.0,2019,6.2058823529411775
607,Pathway,PC,68,6.7,2019,6.2058823529411775
608,American Fugitive,XONE,68,6.2058823529411775,2019,6.2058823529411775
609,The Hong Kong Massacre,PC,68,5.7,2019,6.2058823529411775
610,Rain of Reflections: Chapter 1,PC,68,6.2058823529411775,2019,6.2058823529411775
611,Effie,PS4,68,7.1,2019,6.2058823529411775
612,Project Nimbus: Complete Edition,Switch,68,6.2058823529411775,2019,6.2058823529411775
613,The Occupation,PC,68,3.9,2019,6.2058823529411775
614,Rad,Switch,68,6.9,2019,6.2058823529411775
615,Oninaki,Switch,68,6.9,2019,6.2058823529411775
616,MXGP 2019,PS4,68,6.2058823529411775,2019,6.2058823529411775
617,Lapis x Labyrinth,Switch,68,7.2,2019,6.2058823529411775
618,Giga Wrecker Alt.,PS4,67,6.389473684210526,2019,6.389473684210526
619,The King's Bird,Switch,67,6.389473684210526,2019,6.389473684210526
620,Nelke & the Legendary Alchemists: Ateliers of the New World,PS4,67,3.8,2019,6.389473684210526
621,Riverbond,XONE,67,6.0,2019,6.389473684210526
622,Outward,PC,67,7.3,2019,6.389473684210526
623,Double Cross,Switch,67,6.7,2019,6.389473684210526
624,MediEvil,PS4,67,8.3,2019,6.389473684210526
625,Total War: Three Kingdoms - Eight Princes,PC,67,6.389473684210526,2019,6.389473684210526
626,Rainswept,PC,67,6.4,2019,6.389473684210526
627,Jet Kave Adventure,Switch,67,6.4,2019,6.389473684210526
628,Mini-Mech Mayhem,PS4,67,5.9,2019,6.389473684210526
629,Weedcraft Inc,PC,67,7.2,2019,6.389473684210526
630,Genesis Alpha One,PC,67,4.3,2019,6.389473684210526
631,RAGE 2,PS4,67,5.8,2019,6.389473684210526
632,Travis Strikes Again: No More Heroes - Complete Edition,PS4,67,3.0,2019,6.389473684210526
633,Pathologic 2,PC,67,8.3,2019,6.389473684210526
634,Felix the Reaper,Switch,67,7.4,2019,6.389473684210526
635,Travis Strikes Again: No More Heroes,Switch,67,7.8,2019,6.389473684210526
636,Elli,Switch,67,6.389473684210526,2019,6.389473684210526
637,Redeemer: Enhanced Edition,PS4,67,7.0,2019,6.389473684210526
638,World War Z,PS4,67,6.2,2019,6.389473684210526
639,LEGRAND LEGACY: Tale of the Fatebounds,Switch,67,7.0,2019,6.389473684210526
640,Onimusha: Warlords,PC,67,6.6,2019,6.389473684210526
641,Giga Wrecker Alt.,Switch,67,6.389473684210526,2019,6.389473684210526
642,YIIK: A Postmodern RPG,PC,66,3.1,2019,5.769230769230769
643,Windscape,Switch,66,5.769230769230769,2019,5.769230769230769
644,Blair Witch,XONE,66,6.6,2019,5.769230769230769
645,Ghostbusters: The Video Game Remastered,PS4,66,6.4,2019,5.769230769230769
646,Redeemer: Enhanced Edition,XONE,66,5.769230769230769,2019,5.769230769230769
647,The Sinking City,XONE,66,6.2,2019,5.769230769230769
648,Fitness Boxing,Switch,66,7.0,2019,5.769230769230769
649,Damsel,XONE,66,5.5,2019,5.769230769230769
650,Golem Gates,Switch,66,5.769230769230769,2019,5.769230769230769
651,Galaxy Champions TV,Switch,66,5.769230769230769,2019,5.769230769230769
652,American Fugitive,PC,66,6.7,2019,5.769230769230769
653,Vaporum,XONE,66,5.769230769230769,2019,5.769230769230769
654,Truberbrook: A Nerd Saves the World,PC,66,4.5,2019,5.769230769230769
655,Ghostbusters: The Video Game Remastered,XONE,66,5.6,2019,5.769230769230769
656,Fairy Fencer F: Advent Dark Force,Switch,66,5.7,2019,5.769230769230769
657,ToeJam & Earl: Back in the Groove,PS4,66,6.4,2019,5.769230769230769
658,American Fugitive,PS4,66,5.5,2019,5.769230769230769
659,Riverbond,PS4,66,5.8,2019,5.769230769230769
660,A Knight's Quest,XONE,65,4.6,2019,5.270588235294118
661,Senran Kagura Burst Re:Newal,PS4,65,4.2,2019,5.270588235294118
662,The LEGO Movie 2 Videogame,XONE,65,4.3,2019,5.270588235294118
663,Close to the Sun,PC,65,4.9,2019,5.270588235294118
664,Wolfenstein: Youngblood,Switch,65,3.6,2019,5.270588235294118
665,Degrees of Separation,XONE,65,5.270588235294118,2019,5.270588235294118
666,Anthem,XONE,65,3.9,2019,5.270588235294118
667,Dangerous Driving,XONE,65,5.2,2019,5.270588235294118
668,Dry Drowning,PC,65,8.0,2019,5.270588235294118
669,The Church in the Darkness,PC,65,5.0,2019,5.270588235294118
670,Graveyard Keeper,Switch,65,5.270588235294118,2019,5.270588235294118
671,Sniper Elite V2 Remastered,PS4,65,3.6,2019,5.270588235294118
672,One Piece: World Seeker,XONE,65,4.9,2019,5.270588235294118
673,Kill la Kill: IF,Switch,65,6.6,2019,5.270588235294118
674,Star Wars Jedi Knight II: Jedi Outcast,Switch,65,7.3,2019,5.270588235294118
675,Conarium,PS4,65,3.5,2019,5.270588235294118
676,Outward,XONE,65,7.8,2019,5.270588235294118
677,Metal Wolf Chaos XD,PC,65,5.1,2019,5.270588235294118
678,Monster Energy Supercross:  The Official Videogame 2,XONE,65,7.1,2019,5.270588235294118
679,Warsaw,PC,64,7.5,2019,5.684615384615385
680,Ancestors: The Humankind Odyssey,PC,64,5.9,2019,5.684615384615385
681,Genesis Alpha One,PS4,64,3.6,2019,5.684615384615385
682,Little Town Hero,Switch,64,4.4,2019,5.684615384615385
683,Xenon Racer,PC,64,5.6,2019,5.684615384615385
684,The Caligula Effect: Overdose,PS4,64,6.1,2019,5.684615384615385
685,Pagan Online,PC,64,6.1,2019,5.684615384615385
686,Xenon Racer,PS4,64,6.1,2019,5.684615384615385
687,ChromaGun VR,PS4,64,5.5,2019,5.684615384615385
688,Snooker 19,PS4,64,4.5,2019,5.684615384615385
689,YIIK: A Postmodern RPG,Switch,64,5.1,2019,5.684615384615385
690,Sea of Solitude,PC,64,6.7,2019,5.684615384615385
691,Snooker 19,Switch,64,5.684615384615385,2019,5.684615384615385
692,MX vs. ATV All Out: Anniversary Edition,XONE,64,5.684615384615385,2019,5.684615384615385
693,The Sinking City,PS4,64,6.8,2019,5.684615384615385
694,Wolfenstein: Youngblood,PS4,63,2.6,2019,5.013333333333334
695,Super Monkey Ball: Banana Blitz HD,Switch,63,5.1,2019,5.013333333333334
696,The World Next Door,Switch,63,6.3,2019,5.013333333333334
697,Jon Shafer's At the Gates,PC,63,5.8,2019,5.013333333333334
698,Layers of Fear 2,XONE,63,6.6,2019,5.013333333333334
699,Metal Wolf Chaos XD,PS4,63,6.1,2019,5.013333333333334
700,Arcade Classics Anniversary Collection,PS4,63,4.5,2019,5.013333333333334
701,Space Junkies,PS4,63,3.4,2019,5.013333333333334
702,Citizens of Space,PS4,63,5.013333333333334,2019,5.013333333333334
703,Deliver Us The Moon: Fortuna,PC,63,5.7,2019,5.013333333333334
704,8-Bit Hordes,PS4,63,2.5,2019,5.013333333333334
705,The Blackout Club,PC,63,8.0,2019,5.013333333333334
706,The Occupation,PS4,63,3.5,2019,5.013333333333334
707,Warhammer: Chaosbane,PS4,63,4.3,2019,5.013333333333334
708,Bubsy: Paws on Fire,PS4,63,7.7,2019,5.013333333333334
709,Tom Clancy's Ghost Recon: Breakpoint,XONE,63,3.1,2019,5.013333333333334
710,Etherborn,Switch,62,6.1,2019,6.1
711,Groundhog Day: Like Father Like Son,PS4,62,5.0,2019,6.1
712,The Last Remnant Remastered,Switch,62,6.5,2019,6.1
713,Sniper Elite V2 Remastered,Switch,62,7.2,2019,6.1
714,198X,PC,62,5.9,2019,6.1
715,Mable & The Wood,PC,62,6.1,2019,6.1
716,Giga Wrecker Alt.,XONE,62,6.1,2019,6.1
717,Dangerous Driving,PS4,62,3.8,2019,6.1
718,Intruders: Hide and Seek,PS4,62,6.3,2019,6.1
719,Conan Unconquered,PC,62,4.8,2019,6.1
720,Senran Kagura: Peach Ball,Switch,62,7.6,2019,6.1
721,Super Monkey Ball: Banana Blitz HD,PS4,62,6.3,2019,6.1
722,Outward,PS4,62,7.0,2019,6.1
723,Daymare: 1998,PC,62,6.6,2019,6.1
724,Rad Rodgers: Radical Edition,Switch,62,6.1,2019,6.1
725,Super Neptunia RPG,Switch,62,5.8,2019,6.1
726,Absolver,XONE,62,6.1,2019,6.1
727,Warparty,PC,62,5.4,2019,6.1
728,Dragon Quest,Switch,62,6.6,2019,6.1
729,The friends of Ringo Ishikawa,Switch,62,6.7,2019,6.1
730,Sphinx and the Cursed Mummy,Switch,61,7.0,2019,5.755555555555556
731,Dead by Daylight,Switch,61,6.2,2019,5.755555555555556
732,The Sinking City,Switch,61,7.3,2019,5.755555555555556
733,Jump Force,XONE,61,4.8,2019,5.755555555555556
734,Monkey King: Hero is Back,PS4,61,6.9,2019,5.755555555555556
735,Asphalt 9: Legends,Switch,61,7.2,2019,5.755555555555556
736,Sniper Elite V2 Remastered,PC,61,4.0,2019,5.755555555555556
737,RemiLore: Lost Girl in the Lands of Lore,Switch,61,6.4,2019,5.755555555555556
738,Catan,Switch,61,2.0,2019,5.755555555555556
739,Super Cane Magic ZERO,Switch,60,6.7,2019,5.781818181818182
740,Massira,PS4,60,5.5,2019,5.781818181818182
741,The Caligula Effect: Overdose,Switch,60,6.3,2019,5.781818181818182
742,Dragon Quest II: Luminaries of the Legendary Line,Switch,60,6.8,2019,5.781818181818182
743,Truck Racing Championship,PS4,60,5.781818181818182,2019,5.781818181818182
744,Arcade Classics Anniversary Collection,Switch,60,5.781818181818182,2019,5.781818181818182
745,Crackdown 3,XONE,60,4.2,2019,5.781818181818182
746,Assassin's Creed III Remastered,Switch,60,6.7,2019,5.781818181818182
747,Super Neptunia RPG,PS4,60,3.2,2019,5.781818181818182
748,Power Rangers: Battle for the Grid,Switch,60,6.7,2019,5.781818181818182
749,Zombie Driver: Immortal Edition,Switch,60,5.781818181818182,2019,5.781818181818182
750,Warlocks 2: God Slayers,Switch,60,7.2,2019,5.781818181818182
751,Claybook,Switch,60,6.3,2019,5.781818181818182
752,Jump Force,PC,60,4.0,2019,5.781818181818182
753,YIIK: A Postmodern RPG,PS4,59,4.5,2019,4.725
754,Vambrace: Cold Soul,PC,59,5.6,2019,4.725
755,Immortal Legacy: The Jade Cipher,PS4,59,7.6,2019,4.725
756,A Knight's Quest,Switch,59,3.7,2019,4.725
757,Darksiders III: Keepers of the Void,PS4,59,2.0,2019,4.725
758,Utawarerumono Zan,PS4,59,3.6,2019,4.725
759,Vambrace: Cold Soul,Switch,59,4.725,2019,4.725
760,Our World Is Ended.,Switch,59,6.8,2019,4.725
761,Stranded Sails: Explorers of the Cursed Islands,Switch,59,4.725,2019,4.725
762,12 is Better Than 6,Switch,59,4.725,2019,4.725
763,Anthem,PC,59,4.0,2019,4.725
764,SolSeraph,XONE,58,4.659999999999999,2019,4.659999999999999
765,One Piece: World Seeker,PS4,58,3.8,2019,4.659999999999999
766,Jupiter & Mars,PS4,58,5.3,2019,4.659999999999999
767,The Church in the Darkness,XONE,58,4.8,2019,4.659999999999999
768,The Church in the Darkness,PS4,58,3.0,2019,4.659999999999999
769,Venture Kid,Switch,58,6.4,2019,4.659999999999999
770,Vicious Circle,PC,58,4.659999999999999,2019,4.659999999999999
771,Turok 2: Seeds of Evil Remaster,Switch,58,4.659999999999999,2019,4.659999999999999
772,Fade to Silence,PC,57,4.6,2019,4.271428571428571
773,The Princess Guide,Switch,57,4.6,2019,4.271428571428571
774,Stranger Things 3: The Game,PS4,57,4.9,2019,4.271428571428571
775,The LEGO Movie 2 Videogame,PS4,57,1.4,2019,4.271428571428571
776,Tom Clancy's Ghost Recon: Breakpoint,PC,57,2.2,2019,4.271428571428571
777,The Bradwell Conspiracy,XONE,57,4.271428571428571,2019,4.271428571428571
778,Destiny Connect: Tick-Tock Travelers,Switch,57,5.3,2019,4.271428571428571
779,Fade to Silence,XONE,57,6.9,2019,4.271428571428571
780,Warplanes: WW2 Dogfight,Switch,56,4.3999999999999995,2019,4.3999999999999995
781,Jump Force,PS4,56,4.1,2019,4.3999999999999995
782,The LEGO Movie 2 Videogame,Switch,56,4.3,2019,4.3999999999999995
783,Contra: Rogue Corps,XONE,56,4.8,2019,4.3999999999999995
784,Tom Clancy's Ghost Recon: Breakpoint,PS4,55,2.7,2019,4.6000000000000005
785,Solo: Islands of the Heart,Switch,55,4.6000000000000005,2019,4.6000000000000005
786,Metal Wolf Chaos XD,XONE,55,6.7,2019,4.6000000000000005
787,Bitlogic - A Cyberpunk Arcade Adventure,Switch,55,4.6000000000000005,2019,4.6000000000000005
788,Fade to Silence,PS4,55,4.4,2019,4.6000000000000005
789,Anthem,PS4,54,3.4,2019,4.566666666666666
790,Feather,Switch,54,4.566666666666666,2019,4.566666666666666
791,The Great Perhaps,PC,54,7.6,2019,4.566666666666666
792,Crackdown 3,PC,54,2.7,2019,4.566666666666666
793,Whipseey and the Lost Atlas,Switch,54,4.566666666666666,2019,4.566666666666666
794,Grimshade,PC,54,4.566666666666666,2019,4.566666666666666
795,The Padre,Switch,54,4.566666666666666,2019,4.566666666666666
796,SolSeraph,PS4,53,3.6,2019,3.95
797,Contra: Rogue Corps,PS4,53,4.3,2019,3.95
798,Little Friends: Dogs & Cats,Switch,53,3.95,2019,3.95
799,Eden-Tomorrow,PS4,52,5.7,2019,5.3
800,BANNERMEN,PC,52,7.0,2019,5.3
801,Stranger Things 3: The Game,Switch,52,6.7,2019,5.3
802,Fimbul,PS4,52,1.8,2019,5.3
803,V-Rally 4,Switch,51,6.7,2019,5.8
804,Generation Zero,PC,51,5.3,2019,5.8
805,Silver Chains,PC,51,5.4,2019,5.8
806,Dance of Death: Du Lac & Fey,PC,51,5.8,2019,5.8
807,Generation Zero,XONE,50,5.8,2019,4.825
808,Leisure Suit Larry: Wet Dreams Don't Dry,Switch,50,5.4,2019,4.825
809,Wolfenstein: Cyberpilot,PS4,50,3.8,2019,4.825
810,Headspun,PC,50,4.825,2019,4.825
811,Modern Combat: Blackout,Switch,50,4.3,2019,4.825
812,The Forbidden Arts,Switch,50,4.825,2019,4.825
813,Vane,PS4,49,5.0,2019,4.8
814,Decay of Logos,PS4,49,4.6,2019,4.8
815,Devil's Hunt,PC,48,5.6,2019,5.6
816,Monster Jam Steel Titans,XONE,47,5.4,2019,5.4
817,Generation Zero,PS4,45,5.6,2019,5.6
818,Submersed,PS4,44,4.4,2019,4.4
819,FIFA 20: Legacy Edition,Switch,43,0.8,2019,0.8
820,WWE 2K20,PS4,42,1.5,2019,1.2
821,WWE 2K20,XONE,42,0.9,2019,1.2
822,Dollhouse,PS4,41,5.1,2019,5.1
823,Contra: Rogue Corps,Switch,40,4.7,2019,4.7
824,Blades of Time,Switch,38,,2019,
825,Left Alive,PS4,37,8.4,2019,8.4
826,Eternity: The Last Unicorn,PS4,36,5.0,2019,5.0
